Acc_X-Axis_mean,Acc_X-Axis_std,Acc_X-Axis_max,Acc_X-Axis_min,Acc_Y-Axis_mean,Acc_Y-Axis_std,Acc_Y-Axis_max,Acc_Y-Axis_min,Acc_Z-Axis_mean,Acc_Z-Axis_std,Acc_Z-Axis_max,Acc_Z-Axis_min,Gyro_X-Axis_mean,Gyro_X-Axis_std,Gyro_X-Axis_max,Gyro_X-Axis_min,Gyro_Y-Axis_mean,Gyro_Y-Axis_std,Gyro_Y-Axis_max,Gyro_Y-Axis_min,Gyro_Z-Axis_mean,Gyro_Z-Axis_std,Gyro_Z-Axis_max,Gyro_Z-Axis_min,Label
-0.3930810546875,0.6553916911499504,1.810791015625,-3.031982421875,-0.236181640625,0.259575378047062,0.38427734375,-1.2412109375,0.568681640625,0.5098395831130422,2.21337890625,-0.27587890625,-11.074416035353535,74.46371253220171,253.9921875,-228.109375,-14.115688131313131,73.78102157710539,152.8046875,-256.0,9.304292929292929,56.86497075838593,253.9921875,-88.4765625,1
-0.42664306640625,0.5450253235496004,0.72119140625,-2.256103515625,-0.4890771484375,0.31110184437190636,0.66845703125,-1.350341796875,0.5313232421875,0.45954425639009283,2.572998046875,-0.253662109375,-0.2566287878787879,57.32518947970345,253.9921875,-176.8359375,-14.730113636363637,73.61672903590738,253.9921875,-256.0,0.4567550505050505,42.41375019730761,199.140625,-110.671875,1
-0.38977294921875,0.8542176669064905,2.328857421875,-4.45947265625,-0.337919921875,0.3858592201567805,0.60791015625,-2.076904296875,0.30324951171875,0.5968550063524384,2.51611328125,-1.00927734375,-11.202730429292929,105.92981410869109,253.9921875,-256.0,-9.544191919191919,89.69278819253203,253.9921875,-256.0,8.214330808080808,70.49043065377566,215.28125,-239.921875,1
-0.35416259765625,0.8615937152634388,0.944091796875,-3.91748046875,-0.271201171875,0.3863674899296671,0.905029296875,-2.19482421875,0.53666259765625,0.8937515245804756,8.0,-0.32080078125,1.75125,78.68360832717808,253.9921875,-224.265625,-5.38640625,76.34318808810681,253.9921875,-256.0,5.554453125,71.16996714181853,239.9453125,-227.8203125,1
-0.3268505859375,0.741046630645061,1.16455078125,-2.40234375,-0.3173095703125,0.3636997585076093,0.74560546875,-1.78271484375,0.4733935546875,0.5021075201764472,2.797119140625,-0.22216796875,-3.6619318181818183,87.56026918834654,253.9921875,-256.0,-20.346196338383837,68.40002159760935,78.0546875,-256.0,1.295217803030303,74.84561085364663,253.9921875,-205.9296875,1
-0.27963917525773196,0.7340378525275397,1.503173828125,-2.734130859375,-0.4407241663981959,0.5121240670785251,1.109375,-2.20263671875,0.2637926868556701,0.48801804218380307,3.112060546875,-0.78173828125,1.4181315104166667,86.80728550452773,253.9921875,-242.3359375,-13.102457682291666,63.68577138454494,77.2421875,-256.0,1.1312662760416667,66.31022796544684,174.2109375,-237.1171875,1
-0.6871728515625,0.9352827964702887,1.25732421875,-7.937255859375,-0.3604638671875,0.29505623374414824,1.148681640625,-1.16015625,0.57407958984375,0.6388015851048546,5.169189453125,-1.0595703125,-8.500315656565656,55.541599798870685,253.9921875,-256.0,-12.28259154040404,50.52821109243401,97.203125,-208.5,4.765309343434343,44.924897665642995,189.625,-118.2734375,1
-0.492880859375,0.9350355210416278,0.227294921875,-7.937255859375,-0.587939453125,0.40345706570175444,1.54931640625,-1.632568359375,0.539228515625,0.5956318255470723,5.2705078125,-0.43994140625,-10.58175505050505,82.95490478771863,253.9921875,-256.0,-5.064472853535354,53.857798449387076,97.828125,-256.0,8.775252525252526,61.44458307744462,253.9921875,-143.1484375,1
-0.370830078125,0.9598827159783588,2.307373046875,-7.937255859375,-0.64661376953125,0.39473858883226565,0.61572265625,-1.935791015625,0.2658251953125,0.4761892168550074,3.879638671875,-2.05078125,-0.07867739898989899,67.93228047891654,253.9921875,-196.34375,-10.164220328282829,51.99984686626419,160.390625,-256.0,11.332465277777779,54.31517897620216,253.9921875,-123.546875,1
-0.45668212890625,0.8189158018814663,1.07763671875,-6.756591796875,-0.4640673828125,0.4970674302652731,2.658447265625,-1.501220703125,0.44529296875,0.3868207017698096,1.306884765625,-1.715576171875,-7.990609217171717,81.63626284939443,253.9921875,-256.0,-9.013415404040405,52.92444590343587,214.25,-256.0,9.54458648989899,52.65342071447648,253.9921875,-123.6015625,1
-0.445380859375,0.9525875427786702,2.09912109375,-7.937255859375,-0.460859375,0.6878846790548475,0.970703125,-6.41162109375,0.581376953125,0.5689159768186375,3.4443359375,-0.8583984375,0.17810921717171718,74.15376795391111,253.9921875,-256.0,-12.260653409090908,53.58821813751217,171.125,-256.0,7.108349116161616,63.773229393184394,253.9921875,-178.25,1
-0.47961171468098956,0.954553632379337,0.963134765625,-7.937255859375,-0.5456797281901041,0.6473108796472045,3.0419921875,-2.87060546875,0.3248291015625,0.9690498662168328,7.342041015625,-3.8203125,-8.601644736842106,84.86202363680938,253.9921875,-256.0,-5.573684210526316,57.80759155964016,128.75,-256.0,6.657154605263158,56.499735184275366,253.9921875,-196.890625,1
-0.46131103515625,0.9461414129566296,1.583251953125,-7.937255859375,-0.59156982421875,0.4379245540803583,0.801025390625,-1.676513671875,0.23845458984375,0.7805216936782711,6.7197265625,-2.611083984375,-6.7138573232323235,83.15639715640035,253.9921875,-215.359375,-6.098248106060606,49.580643449780794,159.015625,-256.0,10.90435606060606,50.96980041684741,253.9921875,-111.671875,1
-0.30451202392578125,0.751012002386608,3.416259765625,-2.81103515625,-0.0610809326171875,0.4842628999329099,1.049072265625,-2.125,-0.2762298583984375,0.7134844704364748,3.279296875,-2.226318359375,-1.9050986842105264,112.79610947919072,253.9921875,-256.0,-19.811924342105264,73.42593337174375,253.9921875,-256.0,26.318832236842105,72.08383006695847,253.9921875,-54.3984375,1
-0.3485498046875,0.7746260788617478,2.218017578125,-3.12353515625,0.03818359375,0.5508972630166731,1.026611328125,-3.588623046875,-0.1896728515625,0.7159254064083828,2.936279296875,-3.33154296875,-6.441524621212121,94.17152816315739,253.9921875,-256.0,-22.49826388888889,91.47703259398912,250.2265625,-256.0,23.849984217171716,76.92725541603019,253.9921875,-117.125,1
-0.47089599609375,1.1203428348360784,2.421142578125,-7.937255859375,0.00952880859375,0.6134017772009119,4.184326171875,-1.810791015625,-0.09431640625,0.833936478808662,4.852783203125,-1.852783203125,-10.067421875,104.77969540264303,253.9921875,-256.0,-21.184296875,91.0623348897072,253.9921875,-256.0,29.34453125,88.34548991877999,253.9921875,-138.1015625,1
-0.3704393524484536,0.7604309308319575,1.3671875,-3.789306640625,-0.013193661404639175,0.5307824995725388,2.135986328125,-3.331298828125,-0.22473522068298968,0.696559153947601,2.983154296875,-1.914306640625,5.149332682291667,91.01857245170056,253.9921875,-256.0,-22.361328125,69.47785763477269,162.765625,-256.0,18.99267578125,69.65694748597872,254.5859375,-87.2578125,1
-0.41314208984375,0.7460478514728591,2.377685546875,-4.756591796875,-0.01200439453125,0.4727515536673104,0.67236328125,-2.327392578125,-0.15859375,0.8310814808561872,4.69140625,-1.5126953125,-7.521306818181818,99.7658306080078,253.9921875,-256.0,-32.47024936868687,80.35974351328697,108.2265625,-256.0,27.705886994949495,86.05588942105992,253.9921875,-123.4765625,1
-0.2960400390625,0.7366933396974416,2.70654296875,-3.265625,-0.26451904296875,0.47861805277191183,0.676513671875,-2.81103515625,-0.2564208984375,0.7139982286405896,3.317138671875,-3.103515625,-2.820943813131313,117.5191201996004,253.9921875,-256.0,-28.815656565656564,84.51113692841616,110.734375,-256.0,19.338699494949495,69.0190642480115,253.9921875,-144.4375,1
-0.22547607421875,0.7331782181807285,1.26953125,-2.517578125,-0.51745849609375,0.8537420217824051,1.2470703125,-6.2412109375,0.244501953125,0.9853697648906805,8.0,-1.29638671875,6.769570707070707,53.32656197042663,253.9921875,-165.4140625,-25.80239898989899,58.11729834198791,75.5703125,-256.0,-5.250078914141414,65.39203141490674,253.9921875,-250.421875,1
-0.25188232421875,0.8736541317633233,4.989501953125,-2.341796875,-0.5509130859375,0.7773519302167782,2.634521484375,-3.809326171875,0.2088720703125,0.9452498608603951,8.0,-1.76708984375,6.74487058080808,69.81158850888426,253.9921875,-256.0,-24.105429292929294,71.01488101869941,94.0859375,-256.0,-13.293560606060606,67.03206883582267,238.015625,-222.9921875,1
-0.06527587890625,0.8302498096629817,2.35400390625,-1.077392578125,-0.41364013671875,0.553031304451853,0.5302734375,-2.826171875,0.38360595703125,0.39465438337622394,3.15771484375,-1.164794921875,6.101089015151516,57.95012172546917,253.9921875,-233.984375,-28.655224116161616,57.77022950729623,93.953125,-256.0,-18.57433712121212,45.76886548901965,116.4375,-256.0,1
-0.5176123046875,0.6186005672186142,0.44287109375,-4.86669921875,-0.16637939453125,0.2824460104921906,1.06396484375,-1.171630859375,0.6414208984375,0.8839273624821993,5.34130859375,-4.52392578125,-1.9098800505050506,67.02103320922139,253.9921875,-256.0,-10.219854797979798,71.51753130205978,253.9921875,-256.0,2.8246527777777777,48.11571251356372,199.1953125,-195.9375,1
-0.58999755859375,0.86743484932295,0.816650390625,-6.17626953125,-0.0829248046875,0.8415086591590121,7.937255859375,-0.908935546875,0.76602783203125,1.1810323521637673,8.0,-1.366455078125,-7.285748106060606,56.908075321671475,196.59375,-256.0,-17.06684027777778,68.67373085078748,214.109375,-256.0,-1.6063762626262625,53.69731590594927,253.9921875,-256.0,1
-0.6895528813844086,1.3144596265833384,1.2451171875,-7.937255859375,-0.14056199596774194,1.4790425786133237,7.937255859375,-4.56640625,0.9842621177755376,1.366833195899698,8.0,-1.78125,-4.767832880434782,90.24599416068017,253.9921875,-256.0,-16.056216032608695,81.51985492136517,230.484375,-256.0,-0.7202785326086957,56.22895019879221,121.7265625,-256.0,1
-0.36980712890625,0.7459268408054899,1.61767578125,-4.958251953125,-0.09913818359375,0.5175850763451517,3.1494140625,-1.44189453125,0.7487109375,0.6417858836369921,2.31201171875,-1.968017578125,5.168008207070707,75.72107967680505,253.9921875,-256.0,-6.388415404040404,52.704358309025295,234.71875,-106.9453125,3.264441287878788,59.60429045117109,184.53125,-256.0,1
-0.4115478515625,0.5114580034642084,1.118896484375,-1.77099609375,-0.1478076171875,0.4130552790814805,1.87353515625,-1.916259765625,0.65420654296875,0.6439353867177452,2.470703125,-1.89404296875,-0.43453125,59.472871677360246,253.9921875,-256.0,-5.43890625,65.25399248797055,253.9921875,-185.3828125,-3.18671875,21.558350016741443,104.140625,-76.3984375,1
-0.46623291015625,0.930088372681553,1.561767578125,-7.937255859375,-0.11370361328125,0.8803072850584428,7.937255859375,-1.584716796875,0.7474462890625,0.9042086455111978,8.0,-1.203857421875,-15.739425505050505,72.33776855775263,253.9921875,-256.0,-8.827730429292929,67.55808669906118,222.6796875,-256.0,4.66958648989899,55.047453304032906,253.9921875,-256.0,1
-0.32890380859375,0.7659907613256587,1.65673828125,-2.79248046875,-0.51487548828125,1.0073483078251289,0.929931640625,-8.0,0.21798828125,0.45400438450069924,3.254638671875,-1.29638671875,-0.8944128787878788,58.81591038375745,253.9921875,-198.8203125,3.506076388888889,48.619409688879934,228.0234375,-188.8359375,14.683554292929292,104.31118822957875,253.9921875,-256.0,1
-0.26025146484375,0.6864292359014855,1.95458984375,-0.967041015625,-0.54304931640625,0.8636754036688525,0.78369140625,-6.281494140625,0.0735888671875,0.5842688307781952,3.76123046875,-2.045654296875,-0.297890625,91.81697236553697,254.96875,-256.0,-3.044765625,41.63037159548863,142.96875,-212.734375,7.6525,93.56853464511863,253.9921875,-256.0,1
-0.334384765625,1.0263296629807137,1.770263671875,-7.937255859375,-0.5155322265625,0.9340157923757065,0.75390625,-8.0,0.04714599609375,0.861686339954263,6.331298828125,-2.213134765625,2.4098011363636362,84.1196772403953,253.9921875,-256.0,-8.411300505050505,42.922897170331424,118.796875,-128.5078125,12.158459595959595,77.72943799071784,253.9921875,-256.0,1
0.79078369140625,1.0058210734510011,4.44970703125,-2.44873046875,-0.3016455078125,1.1844894330848432,4.66455078125,-7.044677734375,-0.1639501953125,0.8254680190479364,3.45263671875,-2.86376953125,6.517361111111111,93.19966445841649,253.9921875,-256.0,22.887310606060606,102.48915498174793,253.9921875,-256.0,23.23263888888889,103.57234972353113,253.9921875,-256.0,1
0.81060302734375,0.947207202394969,4.18359375,-3.495849609375,-0.30661376953125,0.9599979626458872,3.663330078125,-3.7978515625,-0.03817138671875,1.4834892494777536,5.7177734375,-6.1171875,-16.01625631313131,112.53931970434952,253.9921875,-256.0,27.57583648989899,115.68393138893083,253.9921875,-256.0,17.325915404040405,98.56659414300871,253.9921875,-256.0,1
0.667470703125,0.5495791851067423,2.2099609375,-2.29052734375,-0.3562890625,0.6434333221611166,1.875732421875,-2.08935546875,-0.1227978515625,0.8302136507442361,3.25927734375,-3.865234375,-9.818181818181818,76.38550275183748,253.9921875,-256.0,35.467092803030305,77.72952598538416,253.9921875,-91.203125,30.430160984848484,62.438922826080784,236.2890625,-26.984375,1
0.81869384765625,0.7254853257383377,3.210693359375,-2.62744140625,-0.382138671875,0.7317482181262811,1.57421875,-2.49169921875,-0.05454833984375,0.7271141732765514,2.489013671875,-2.969970703125,-16.361268939393938,70.42093620165606,253.9921875,-256.0,29.431265782828284,76.28772010312366,253.9921875,-109.0625,38.24431818181818,92.56205039756425,253.9921875,-114.515625,1
0.49615478515625,1.0995970949263087,3.820068359375,-2.2890625,0.40715087890625,1.0558499982236151,7.937255859375,-2.62353515625,0.391376953125,0.6198097158117327,1.7138671875,-1.771484375,5.414930555555555,87.7082295538344,253.9921875,-256.0,17.86947601010101,67.22934060327711,244.0546875,-256.0,10.666903409090908,129.12830195909982,254.3515625,-256.0,1
0.32017333984375,1.1776004479802413,3.26416015625,-4.396240234375,0.16672607421875,0.6916103790979509,3.5048828125,-3.301513671875,0.28569580078125,0.5877601618638766,3.2001953125,-1.0712890625,-4.901830808080808,80.96867927999693,253.9921875,-256.0,14.837042297979798,98.64705236185516,253.9921875,-256.0,9.629971590909092,139.49227546992373,254.9296875,-256.0,1
0.65649658203125,0.7454964588630933,7.61376953125,-0.619873046875,0.19507080078125,1.1508496776237247,6.837646484375,-8.0,0.33325439453125,1.2584740748157228,8.0,-6.6376953125,2.1062184343434343,59.84876623521555,253.9921875,-256.0,7.532512626262626,73.73694657711515,253.9921875,-256.0,-5.262310606060606,58.249508605949906,152.9921875,-256.0,1
0.6541552734375,0.5454160916325641,4.64111328125,-0.691162109375,0.153740234375,0.3336723415163388,1.804443359375,-1.5029296875,0.55658203125,1.0589228293089281,8.0,-3.011962890625,-20.214251893939394,61.28288792030081,253.9921875,-256.0,19.093434343434343,64.31713787836684,253.9921875,-211.0234375,0.6721117424242424,34.3557386645459,77.6015625,-156.2578125,1
0.46764404296875,0.4947582603146202,1.83447265625,-0.84716796875,0.1036669921875,0.7286285736479319,1.445556640625,-6.326416015625,0.6270556640625,0.7856207117617646,4.876953125,-1.543701171875,-12.180082070707071,76.17794640700573,253.9921875,-256.0,17.950994318181817,71.9226217387008,253.9921875,-191.1015625,6.377840909090909,53.37742513927288,155.84375,-247.765625,1
0.671884765625,0.9311015387867244,8.0,-0.52099609375,0.346103515625,0.917837800458801,7.937255859375,-2.476806640625,0.543095703125,0.9683531228033309,8.0,-2.03369140625,-18.562815656565657,78.60968010678877,253.9921875,-256.0,6.923926767676767,79.16066495318802,253.9921875,-234.765625,8.13415404040404,80.71961673750263,253.9921875,-256.0,1
0.65251220703125,0.39516379185904854,2.671630859375,-0.1025390625,0.1662255859375,0.6205435161939113,1.8798828125,-3.237060546875,0.5478076171875,0.9924787813964482,8.0,-2.712646484375,-8.705097853535353,67.4275847801531,253.9921875,-209.6953125,0.9621212121212122,81.19441272242538,253.9921875,-256.0,10.618371212121213,71.3009472231863,253.9921875,-210.59375,1
0.6804833984375,0.8679592792121329,8.0,-1.057373046875,0.33999267578125,0.8853238935340004,7.937255859375,-1.90087890625,0.57668701171875,1.0784626495023204,8.0,-3.86083984375,-6.419349747474747,83.18025446380828,253.9921875,-256.0,10.325520833333334,76.4049665209096,253.9921875,-256.0,10.419270833333334,67.34207128670072,253.9921875,-256.0,1
0.46298095703125,1.031668564588188,6.98388671875,-0.48828125,0.6053857421875,0.7320273117073484,6.22705078125,-1.884033203125,0.4626806640625,0.7591945881442408,5.339111328125,-4.531005859375,-1.0458491161616161,53.22601277551241,253.9921875,-196.5234375,12.400015782828282,62.22348123993342,253.9921875,-256.0,4.48074494949495,37.770932155099246,145.671875,-153.8515625,1
0.44213623046875,1.1805413868190684,8.0,-0.737060546875,0.53747802734375,0.7319213520026436,5.36083984375,-1.059326171875,0.23442626953125,0.7620104612002518,1.217529296875,-4.9814453125,-4.014609375,76.96974989878298,253.9921875,-256.0,9.307265625,65.20137106786665,253.9921875,-256.0,-1.303359375,39.449930580068404,233.2734375,-256.0,1
0.41878173828125,1.114555928585313,8.0,-1.1220703125,0.58290283203125,0.8721971868546351,7.937255859375,-0.83544921875,0.28388671875,1.0024996350114117,8.0,-3.635986328125,-11.62671875,60.41867623074495,173.046875,-256.0,18.078671875,61.63891073399487,253.9921875,-256.0,1.01296875,55.880795032304114,253.9921875,-256.0,1
0.36976806640625,0.7780079567869795,5.134033203125,-0.437744140625,0.5876513671875,0.5969342147254266,3.65234375,-0.74951171875,0.19458251953125,0.49813240842084444,2.714599609375,-1.28564453125,-15.627734375,62.4682046602537,159.9609375,-256.0,19.151484375,65.44345964100566,253.9921875,-79.1953125,8.020390625,53.30287863905398,253.9921875,-62.1953125,1
0.2743701171875,1.3627665986743942,8.0,-7.937255859375,0.6754296875,0.8555582045514795,5.91064453125,-1.360107421875,0.17307373046875,0.6710342834690819,1.59716796875,-4.889892578125,-20.550741792929294,63.318208352836,253.9921875,-256.0,13.666903409090908,66.81600098928806,253.9921875,-256.0,-2.5643939393939394,52.501603753835035,151.84375,-256.0,1
0.22835205078125,1.4719838108471976,8.0,-7.937255859375,0.1905078125,0.6159137647711217,5.10546875,-0.75146484375,-0.17666748046875,1.0005118697074538,6.46484375,-1.53125,-18.148516414141415,77.81884860945834,253.9921875,-256.0,13.502130681818182,64.22266478836633,253.9921875,-256.0,12.942708333333334,51.85464420361352,253.9921875,-70.2890625,1
0.0548388671875,0.8474767600589344,3.784423828125,-1.701171875,-0.38884033203125,0.9911199210005883,3.627685546875,-3.53515625,0.29324951171875,0.3720990241479392,1.2001953125,-1.1318359375,9.40798611111111,93.21307440811938,253.9921875,-256.0,-3.2934027777777777,67.04748428044608,253.9921875,-256.0,-13.044349747474747,119.385009306376,210.8671875,-256.0,1
-0.20610595703125,0.5524753799983594,1.9384765625,-1.25341796875,-0.46071044921875,0.4502225050982427,0.239990234375,-3.392333984375,0.73528076171875,0.46473458592835526,1.844970703125,-0.615234375,8.103046875,72.38625483158872,253.9921875,-255.8203125,-6.1253125,71.42828814834313,253.9921875,-204.8828125,11.361875,56.66606014979681,160.1015625,-245.2109375,1
-0.4763479521780303,0.45990743130254536,0.793212890625,-1.58642578125,-0.3913031684027778,0.3601090169662772,1.43505859375,-1.73095703125,0.5867389717487373,0.6804548790819537,3.507080078125,-0.83642578125,-5.043606505102041,57.79398156986832,198.953125,-191.8046875,-14.25342793367347,57.857831636033445,129.2734375,-256.0,-3.8073979591836733,34.66228710542306,154.71875,-130.09375,1
-0.4169677734375,0.548001338728258,1.57373046875,-2.314453125,-0.4528266059027778,0.3921204974151023,0.7158203125,-2.42431640625,0.6419623480902777,0.7361797496745783,5.378173828125,-0.802001953125,-17.9657654494382,59.063856867012674,151.828125,-256.0,-6.538272471910112,65.71309515210133,253.9921875,-256.0,7.391590589887641,54.83982039880311,249.515625,-104.3828125,1
-0.28972061820652173,0.46944157507611045,1.642822265625,-1.27978515625,-0.06799051036005435,0.5290840151704578,1.880126953125,-2.040771484375,-0.5601594344429348,1.056268753747046,1.807861328125,-7.937255859375,23.54627403846154,95.90174058602503,253.9921875,-256.0,-17.458018543956044,73.93457207468681,253.9921875,-256.0,31.506610576923077,66.37992508999596,253.9921875,-60.4453125,1
-0.39598570478723405,0.5074905347742245,0.705322265625,-1.992919921875,-0.5974199010970744,0.5364492364875508,1.519775390625,-2.848876953125,0.3958168841422872,0.4956599376673415,2.827880859375,-0.21923828125,-4.695228494623656,53.26515655516254,253.9921875,-136.921875,-12.521673387096774,53.50951139105225,142.8359375,-256.0,4.896505376344086,55.287662643797724,253.9921875,-82.890625,1
-0.453173828125,0.7055609177108649,1.301513671875,-5.12939453125,-0.38072265625,0.35489935462368444,1.132568359375,-1.5693359375,0.555869140625,0.5147639520652405,1.693603515625,-1.2548828125,-7.4203756313131315,70.24483370416019,150.65625,-256.0,-2.8875473484848486,59.778992363401976,231.3515625,-256.0,9.623579545454545,54.78409294394136,165.296875,-129.96875,1
-0.45538330078125,0.9216743951683131,2.115966796875,-7.937255859375,-0.600078125,0.8215871253663355,1.673583984375,-8.0,0.53173583984375,0.7355823376575444,6.020751953125,-1.65087890625,7.705334595959596,73.73521652898307,253.9921875,-187.4140625,-6.685763888888889,51.32373707274039,230.34375,-256.0,8.615609217171718,47.14769952578444,159.28125,-74.140625,1
-0.55442626953125,0.5503924208070957,1.527099609375,-2.613037109375,-0.4278271484375,0.5455543493080897,1.45703125,-4.169677734375,0.5828662109375,0.5383936740310534,2.816650390625,-1.391845703125,-4.971354166666667,77.59777177580754,253.9921875,-256.0,-15.9765625,46.87394305153081,204.609375,-147.5625,9.800583964646465,71.21578186564976,253.9921875,-176.0078125,1
-0.53326171875,0.4647467723568144,1.357177734375,-1.950927734375,-0.35992919921875,0.476939181755889,3.163330078125,-1.8642578125,0.53756103515625,0.5222957381281378,3.454833984375,-0.56787109375,0.4144570707070707,53.229070560897085,119.7890625,-202.5625,-13.403645833333334,37.91922136631214,135.7890625,-89.359375,7.950520833333333,46.829194739140576,183.2265625,-98.65625,1
-0.6536328125,0.5889830447980273,0.13818359375,-4.36181640625,-0.30320068359375,0.623540615546002,4.953857421875,-1.89306640625,0.54089599609375,0.5606592603940406,3.32421875,-0.473876953125,-19.014765625,80.69206702054178,208.15625,-256.0546875,0.803125,66.47030901071898,253.9921875,-256.0,7.03921875,61.78464284140549,252.75,-131.9453125,1
-0.707586880387931,0.7348968960261001,1.495849609375,-3.282958984375,-0.24422902074353448,0.5385963271510641,0.705810546875,-3.5751953125,0.17718295393318967,0.8958956339431519,2.95947265625,-5.29638671875,-2.9210526315789473,114.57137085573774,253.9921875,-256.0,-31.316200657894736,86.70765751752157,253.9921875,-256.0,18.87047697368421,79.85281724964112,240.640625,-256.0,1
-0.344462890625,0.5099258038834238,0.994873046875,-1.678955078125,-0.10106689453125,0.49063689157325246,1.823486328125,-1.650146484375,-0.32365234375,0.8426726363880775,2.754638671875,-2.908203125,0.3778409090909091,91.30016348776373,253.9921875,-256.0,-27.023753156565657,76.44703762688832,57.703125,-256.0,10.64520202020202,63.32807998416945,253.9921875,-256.0,1
-0.31999267578125,0.8764554083747166,0.96142578125,-6.45458984375,-0.34790283203125,0.6234811088731331,4.97802734375,-1.437255859375,-0.30150390625,0.8891410168937756,0.8193359375,-6.545654296875,9.992976641414142,89.10531810429505,253.9921875,-256.0,-17.39330808080808,73.16154294811116,253.9921875,-256.0,-9.518465909090908,68.36415893663218,253.9921875,-256.0,1
-0.403994140625,0.643619193629695,3.309814453125,-2.0791015625,-0.15295166015625,0.38664897172805435,0.835205078125,-1.499755859375,-0.27965087890625,0.6596697021055002,1.338134765625,-1.67578125,2.828203914141414,102.83751336666904,253.9921875,-256.0,-14.999210858585858,79.34571169843542,200.6328125,-256.0,-4.663983585858586,61.11222118474806,253.9921875,-160.9765625,1
-0.00995361328125,0.7864326478494218,5.3232421875,-1.51806640625,-0.6933447265625,0.44403414000137764,0.083251953125,-3.250244140625,-0.04529541015625,0.5598902183186103,1.3427734375,-2.0390625,7.677635732323233,99.25161517736413,253.9921875,-256.0,-16.11339962121212,95.23764245138734,253.9921875,-256.0,-19.295849116161616,86.43302297330744,245.515625,-256.0,1
-0.33322045110887094,0.8317739092488342,4.44921875,-4.190185546875,-0.5300424227150538,0.5690158453533442,0.873779296875,-5.4609375,-0.28952715473790325,0.7850144512383376,1.532470703125,-4.3798828125,15.886676747311828,65.7336447424553,253.9921875,-256.0,-32.55762768817204,73.23417602612214,70.0703125,-256.0,7.501008064516129,59.12149998939959,253.9921875,-256.0,1
0.46860595703125,0.7582465017175455,4.87890625,-1.178466796875,0.2194287109375,0.8912817153932123,1.83447265625,-7.94775390625,0.53097412109375,0.33443239673983305,1.740478515625,-0.396484375,12.670375631313131,70.9488474037637,253.9921875,-126.1640625,-3.9160353535353534,72.88279256923595,253.9921875,-205.953125,5.31802398989899,52.18855102716724,254.265625,-86.1953125,1
0.49427734375,0.8053672299718518,4.77880859375,-0.640625,0.33166015625,0.4212555377833916,1.866943359375,-0.789794921875,0.53286865234375,0.5756672808819988,1.789306640625,-1.67333984375,1.4105902777777777,59.9785297573184,209.3984375,-135.703125,8.809501262626263,89.5791656386273,253.9921875,-229.4140625,3.998421717171717,60.946514191199064,253.9921875,-142.953125,1
0.33423583984375,1.1153261641720567,7.35107421875,-1.18017578125,0.1920751953125,0.5452766435306058,2.989501953125,-2.245849609375,0.48068359375,0.7692853321903563,5.26708984375,-0.677001953125,7.364030934343434,80.01180278848251,253.9921875,-256.0,11.469775883838384,100.86921661482144,253.9921875,-256.0,2.335464015151515,80.39157651806501,253.9921875,-216.609375,1
0.26768798828125,0.9480733586413188,5.469970703125,-1.3017578125,0.2507568359375,0.5077832028667595,2.66357421875,-0.998779296875,0.56117919921875,0.6514466949803226,5.29345703125,-0.35205078125,-16.95462436868687,71.46172906283347,253.9921875,-256.8203125,11.377998737373737,79.78463291776357,253.9921875,-200.375,22.723563762626263,61.3737957108442,229.515625,-143.4296875,1
0.34291015625,0.9899959771238338,5.5517578125,-1.747802734375,0.0652490234375,0.40152215958366033,1.944580078125,-2.01123046875,0.564111328125,0.7597207542055008,6.239013671875,-0.420654296875,-6.51467803030303,70.61552630917248,224.3125,-230.0625,14.634232954545455,84.05100819607449,253.9921875,-134.4453125,13.636521464646465,45.20034009258312,253.9921875,-99.265625,1
0.14940185546875,0.7019734310170177,4.355224609375,-0.45068359375,0.24360107421875,0.5151994073496673,2.9501953125,-0.704833984375,0.94568359375,0.4661404559743432,3.1123046875,-2.076904296875,-3.2998737373737375,86.57242036147859,253.9921875,-256.0,13.684816919191919,73.61937274076617,253.9921875,-124.40625,-3.1728219696969697,43.38714319328865,253.9921875,-94.0390625,1
0.7829704733455882,0.758107208360152,4.498046875,-0.8232421875,0.014533547794117647,0.7358328352046409,2.821533203125,-1.349853515625,0.5453814338235294,0.5871414482308392,3.625732421875,-0.591064453125,-6.030691964285714,124.77512484860554,253.9921875,-256.0,28.26078869047619,120.13437705415315,253.9921875,-256.0,39.39629836309524,135.5097544329505,253.9921875,-256.0,1
0.47061767578125,0.7694784778566756,3.22509765625,-1.987548828125,0.34791748046875,0.49218945003910386,2.114990234375,-1.266357421875,0.4656201171875,0.49143036190972944,2.40771484375,-0.892333984375,-3.4331597222222223,99.31169570335585,253.9921875,-256.0,8.517597853535353,64.98116586594367,253.9921875,-213.9921875,8.402777777777779,104.8994195978036,253.9921875,-256.0,1
0.5192724609375,0.9611170629316749,6.683349609375,-1.2666015625,0.51708984375,0.8686953692102779,7.937255859375,-1.240478515625,0.45323974609375,0.7922871028237237,5.501708984375,-1.771240234375,-13.346748737373737,117.87135239108052,253.9921875,-256.0,29.90853851010101,108.75648029774014,253.9921875,-256.0,10.683554292929292,94.1102949379506,253.9921875,-256.0,1
0.53316162109375,0.7721686550227549,4.20556640625,-1.488525390625,0.3430322265625,0.5166468070915129,3.878662109375,-0.843505859375,0.69111328125,0.6804193384601239,4.4833984375,-1.429931640625,14.1640625,108.33110644632657,253.9921875,-256.0,-0.005523989898989899,93.96688906469356,253.9921875,-256.0,10.97427398989899,97.56179713997582,254.421875,-256.0,1
-0.28776628946520616,0.7189893852755238,2.6669921875,-2.062744140625,0.031126671230670103,0.7151824938744771,1.95849609375,-1.649169921875,-0.3100233569587629,0.5966860188736236,1.555419921875,-1.99658203125,-5.099853515625,126.65940179337876,254.8359375,-256.0,19.0771484375,84.02246867457357,253.9921875,-256.0,6.37158203125,104.02310026703626,253.9921875,-256.0,1
0.13474763569078949,0.5920686996949409,3.38037109375,-1.675048828125,0.20885844983552632,0.6848929147840397,1.385498046875,-1.799560546875,-0.5381527549342106,0.624028811991214,2.580810546875,-1.919921875,14.397273936170214,124.82052103574483,253.9921875,-256.0,19.647855718085108,112.19402924843973,253.9921875,-256.0,11.81856715425532,96.98142157161837,253.9921875,-256.0,1
0.3841015625,0.9785588128646052,3.25048828125,-4.107421875,-0.2187890625,0.9695653546503442,2.005126953125,-8.0,-0.220400390625,1.2449994621696996,5.081298828125,-7.937255859375,22.46993371212121,113.13523128093371,253.9921875,-256.0,34.88044507575758,111.50067565856764,253.9921875,-256.0,-5.115056818181818,68.5317708369154,253.9921875,-247.328125,1
0.25215746008831524,0.8210940965760337,3.69580078125,-2.531005859375,0.24058731742527173,0.7737723572320777,4.8798828125,-1.29150390625,0.682572074558424,0.9120441161116869,5.467041015625,-1.15673828125,4.72862293956044,82.31912432428989,253.9921875,-256.0,12.130494505494505,67.09429839160234,253.9921875,-182.8125,-3.09375,53.45208032756076,142.3203125,-213.96875,1
0.44311810661764706,0.9200521339450458,4.82470703125,-0.694580078125,0.008272058823529412,1.0711598642799314,5.15478515625,-3.4208984375,0.01885052849264706,1.349012912570362,8.0,-2.72265625,21.68795955882353,102.30269390318956,253.9921875,-256.0,31.48988970588235,114.62158004968026,253.9921875,-256.0,25.76295955882353,115.30488458205147,253.9921875,-256.0,1
0.4546625664893617,0.8314457181546296,4.830322265625,-1.003662109375,-0.0002493351063829787,1.0812336828498865,6.6572265625,-2.33935546875,-0.023325818650265957,0.9475426020918064,4.6669921875,-2.208740234375,0.4625336021505376,99.80111324599541,253.9921875,-256.0,17.47824260752688,109.05967599784469,253.9921875,-256.25,13.333081317204302,102.96967924814223,253.9921875,-244.8125,1
0.0646484375,1.1270665827979551,1.906494140625,-7.937255859375,0.018486328125,0.5728497542083844,0.936279296875,-1.86865234375,0.18162109375,1.0237887061956568,1.874267578125,-6.860107421875,-5.1059375,106.88361696758872,253.9921875,-256.0,23.389609375,105.01713041329458,253.9921875,-220.140625,-0.6575,86.0872876482289,240.3046875,-256.0,1
0.3364151664402174,0.8650560111230357,5.181640625,-2.3037109375,-0.06959069293478261,0.8940122563726428,3.99609375,-2.643310546875,0.03300940472146739,1.1842850491877686,7.660400390625,-2.94921875,-5.161143543956044,107.22632221612541,253.9921875,-256.0,21.596067994505493,91.127748753252,253.9921875,-204.5234375,22.395003434065934,111.38940155134704,253.9921875,-200.0703125,1
0.9658570648521505,0.43508268945310835,3.6748046875,-0.02685546875,0.2345482610887097,0.31392015469967643,1.720458984375,-0.476318359375,0.3567052041330645,0.6962128500390287,2.498046875,-4.28125,0.43741508152173914,69.55511013095804,253.9921875,-256.0,1.7320822010869565,42.443937128759146,172.8671875,-149.0703125,-7.012652853260869,48.891928773578705,235.953125,-173.640625,1
0.8212215342420213,0.804495174356132,6.36328125,-0.242431640625,0.2616330410571808,0.8319537999300652,1.00732421875,-6.899169921875,0.34722251080452127,0.5391235165927332,2.018798828125,-3.21142578125,-1.1706989247311828,68.95845020742313,253.9921875,-256.0,2.468834005376344,42.84975926398314,183.625,-80.59375,-6.738575268817204,83.1429947005802,226.03125,-175.4453125,1
0.7918965447809279,0.5598861394747773,2.8681640625,-0.317626953125,0.24513228898195877,0.5438010733357524,2.345947265625,-2.521728515625,0.42648850273840205,1.0056028837534388,8.0,-5.04638671875,1.9869523195876289,82.53906298958742,253.9921875,-256.0,-2.4275128865979383,63.88572977787139,232.34375,-169.7109375,-12.039867912371134,65.49282723414963,91.21875,-237.9765625,1
0.7287151377688172,0.8866649222640899,6.650390625,-0.723388671875,0.2813943842405914,0.9063682346327306,1.54248046875,-8.0,0.5521962155577957,0.6518916553023162,2.641357421875,-2.902587890625,-2.391898777173913,52.96955934052535,253.9921875,-129.2265625,14.338230298913043,53.99156761413508,253.9921875,-150.7265625,2.350713315217391,53.379845545829525,253.9921875,-256.0,1
0.522138671875,0.41639209441266734,2.59912109375,-0.137939453125,0.44385009765625,0.3822371483741829,1.094970703125,-2.32958984375,0.57076904296875,0.5067710898543437,1.923828125,-2.414306640625,-7.4047506313131315,73.27491432281785,253.9921875,-256.0,13.144649621212121,56.78151691943791,232.8125,-122.8515625,-5.60424558080808,47.84889896294548,253.9921875,-183.1171875,1
0.24904466711956522,0.791864062085584,4.43798828125,-1.985595703125,0.47927458389945654,0.3416805101598924,1.371337890625,-1.451416015625,0.5566618546195652,0.5860137598496596,2.85986328125,-2.282958984375,-2.89165521978022,66.04392059945158,253.9921875,-256.0,21.182520604395606,54.111403898411055,240.125,-98.0546875,-25.004807692307693,86.33572094995158,253.9921875,-256.0,1
0.2517852783203125,0.7455375458186688,3.33544921875,-1.70751953125,-0.02927398681640625,0.8659514254395128,6.104248046875,-1.26513671875,0.00513458251953125,0.6560378729502753,2.992919921875,-1.46240234375,-9.98700657894737,97.1680170952374,253.9921875,-256.0,6.6175986842105265,59.71604882194002,253.9921875,-87.8125,38.534375,74.49082188930555,253.9921875,-46.3828125,1
0.30393218994140625,0.7268616179207591,3.88818359375,-2.4169921875,-0.019381205240885418,0.6215277324909874,2.6845703125,-1.14404296875,-0.11516062418619792,0.6913928760878364,1.874267578125,-2.116455078125,-6.468585526315789,95.98100120859011,253.9921875,-256.0,7.526644736842106,58.71917284087359,253.9921875,-197.6171875,30.485444078947367,78.05890961600156,253.9921875,-102.078125,1
0.20243408203125,0.9024004462162132,3.910888671875,-4.163330078125,0.40837158203125,0.8912895906591166,7.937255859375,-0.856689453125,0.28053466796875,0.533700892866164,1.958740234375,-1.703125,-3.1631944444444446,120.87230969705371,253.9921875,-256.0,12.515546085858587,69.70050923719884,253.9921875,-135.4140625,11.50228851010101,81.80263617199843,253.9921875,-205.1171875,1
0.20828369140625,0.787265709928777,3.013427734375,-2.834228515625,0.0876708984375,0.8972118213749158,5.830078125,-1.5029296875,-0.0871630859375,0.9426925968957284,4.691650390625,-1.695068359375,-14.07394255050505,98.12220256887201,253.9921875,-256.0,9.601404671717171,58.2486697478814,253.9921875,-135.109375,14.822127525252526,80.73484852033036,253.9921875,-185.265625,1
0.15817742598684212,0.9269596506323048,4.90234375,-3.7294921875,0.2656995271381579,0.5972080394520242,2.36962890625,-3.10546875,-0.19965049342105262,0.7845628016064802,0.8544921875,-3.08740234375,-19.90492021276596,100.01536245080307,253.9921875,-256.0,7.21376329787234,59.76282840343566,253.9921875,-256.0,13.32455119680851,73.41898914779274,253.9921875,-90.890625,1
0.2526318359375,1.1479035692465873,7.638427734375,-4.081787109375,-0.0266748046875,0.5564385926151185,2.9755859375,-2.981201171875,-0.1052880859375,1.2278516987625856,7.945068359375,-5.606201171875,-6.358112373737374,110.20597639916231,253.9921875,-256.0,11.476246843434344,65.01538574348203,253.9921875,-137.0078125,11.3911773989899,68.99685441752511,253.9921875,-110.453125,1
0.12289794921875,0.38545433084728487,1.262451171875,-1.48974609375,-0.41439697265625,0.911969283758251,1.862548828125,-2.020263671875,0.23054931640625,0.5561047450675106,1.44091796875,-2.015380859375,-35.77982954545455,109.7276989805953,254.5703125,-256.0,6.421480429292929,98.66154032002486,253.9921875,-256.0,-40.00307765151515,108.06643146283382,253.9921875,-256.0,1
-0.416962890625,0.5380156353394436,1.141357421875,-2.968994140625,-0.0922216796875,0.8466761440884935,2.045654296875,-1.43017578125,0.0280908203125,0.3686233930646526,0.921142578125,-2.103271484375,-5.060763888888889,101.69859515317846,253.9921875,-256.0,-9.136363636363637,105.16570901899156,253.9921875,-256.078125,-20.64464962121212,108.17569763106184,253.9921875,-256.0,1
-0.08265763099747475,0.5766771064644702,0.7998046875,-2.250732421875,-0.2152457189078283,1.112972182583556,1.960693359375,-2.77978515625,0.2448459201388889,0.37600137269883144,1.023681640625,-0.82568359375,-27.650510204081634,80.4083409301793,146.140625,-256.0,11.708466198979592,79.5912691891176,211.65625,-172.984375,-21.3382493622449,87.25748655715064,253.9921875,-256.0,1
-0.019306640625,0.6069970961380303,0.8427734375,-2.587158203125,0.64356201171875,0.6327776783487216,2.24365234375,-1.31884765625,0.14614013671875,0.5090884790588472,2.0546875,-2.36279296875,7.200678661616162,102.31197340611254,253.9921875,-256.0,-19.437815656565657,92.1038150258432,253.9921875,-231.75,-24.9520202020202,96.2566187729654,253.9921875,-256.0,1
-0.048302759098101264,0.7438335041204408,1.918212890625,-4.703857421875,0.5757268591772152,0.46419867051743746,1.678955078125,-1.65576171875,0.5169631378560127,0.6145129202331135,2.603759765625,-1.947265625,-0.16125801282051283,118.07612419659998,253.9921875,-256.0,-8.940604967948717,95.6368772650601,253.9921875,-223.671875,-30.743189102564102,91.95351376358846,253.9921875,-255.5625,1
-0.2909423828125,0.7313496623633804,1.416259765625,-3.203369140625,0.59013916015625,0.38415866640312024,1.998779296875,-0.333740234375,0.3383154296875,0.6191320267041154,1.646728515625,-2.7998046875,-0.24258207070707072,114.07449739604554,253.9921875,-256.0,-16.765546085858585,88.9298449329485,253.9921875,-241.7109375,-20.890625,115.04519341877871,253.9921875,-256.0,1
-0.11894419001436782,0.6589053436035832,0.951416015625,-2.848876953125,-0.22520429238505746,0.7772343895923616,1.742431640625,-1.146484375,0.12265400502873564,0.48960264296547384,2.138671875,-1.49560546875,20.592750726744185,87.89618629689396,253.9921875,-126.8125,-6.5093568313953485,71.9970665249812,253.9921875,-219.7421875,-21.435864825581394,55.957203415385635,218.2890625,-175.7734375,1
-0.305341796875,0.6158023490475647,0.524658203125,-1.87890625,0.60268798828125,0.4457037266519081,2.707763671875,-0.415283203125,0.41263916015625,0.6084237925773738,1.400390625,-1.881103515625,18.46156881313131,105.48292386683076,253.9921875,-256.0,7.9033301767676765,80.38822402314148,253.9921875,-193.2109375,-8.27667297979798,84.96162468163769,253.9921875,-197.5859375,1
0.1694878472222222,0.29291387350150344,0.934326171875,-1.1572265625,-0.3131540557484568,0.8037456168457024,2.0224609375,-1.455078125,0.5343575183256173,0.5615105633079389,4.42578125,-0.855224609375,6.42001953125,79.23006020603736,253.9921875,-232.6328125,3.59375,75.79218892537416,253.9921875,-256.0,-12.86416015625,53.57194938136028,129.3359375,-239.5546875,1
0.50857666015625,0.661545847902573,4.6328125,-0.801513671875,0.2907421875,0.38137498320332863,1.337646484375,-0.8935546875,0.6165966796875,0.6364338610096568,3.72802734375,-1.046875,-13.875789141414142,54.62295165312692,174.6171875,-256.0,10.94775883838384,57.50732933401412,253.9921875,-54.578125,-0.6927872474747475,41.8540413548529,248.015625,-68.7421875,1
0.50319580078125,0.5162990026966695,2.533203125,-0.787109375,0.503232421875,0.5651941271875017,2.844482421875,-0.6298828125,0.1766015625,0.5565179763539918,3.756591796875,-2.04931640625,-23.431897095959595,79.1027591219223,253.9921875,-256.0,14.657354797979798,52.50656719530809,253.9921875,-162.1796875,-8.365688131313131,41.165263810264776,130.5625,-256.0,1
0.5023388671875,0.5886301595972493,1.95068359375,-0.893310546875,0.3428515625,0.770714580901241,2.046142578125,-2.398193359375,0.14552978515625,0.5278365900596216,1.685791015625,-1.41650390625,-23.247578125,90.45678620493946,253.9921875,-256.0,14.59921875,72.38183941348743,253.9921875,-256.0,-12.519296875,54.789207514590906,140.7734375,-256.0,1
0.53255859375,0.6564040507475203,4.891845703125,-0.2666015625,0.3766552734375,0.5585841310966714,3.830810546875,-1.6875,0.65118408203125,0.9776199465128287,6.8212890625,-2.62353515625,-5.917376893939394,52.819760455181246,253.9921875,-256.0,10.591698232323232,57.37284869597846,253.9921875,-256.0,-6.280618686868687,55.54534513980595,253.9921875,-190.3203125,1
0.5194793051861702,0.9680252439650755,7.5888671875,-1.23095703125,0.24450164145611702,0.21658085632835072,1.167236328125,-0.287109375,0.7774658203125,0.8548017408863087,8.0,-1.411865234375,6.766549059139785,59.05856381525761,253.9921875,-256.0,8.230426747311828,50.355611293695254,253.9921875,-179.5234375,7.985971102150538,43.69076446875772,239.25,-81.5625,1
0.32950927734375,0.9580655359918993,1.04150390625,-5.533447265625,0.21783203125,0.22631034794426585,1.482177734375,-0.36328125,0.68407470703125,0.5063774777907142,2.24609375,-1.458740234375,5.578993055555555,57.85012410685746,186.6484375,-256.0,8.397727272727273,77.95241541083054,253.9921875,-205.2421875,4.101246843434343,53.07920582373573,253.9921875,-113.59375,1
0.518125,0.546706639254112,3.21435546875,-1.014892578125,0.3333056640625,0.4457758899504195,4.02880859375,-0.583984375,0.69059814453125,0.7896220836218691,6.919189453125,-1.79150390625,-1.5815183080808082,46.711252609896,164.3515625,-256.0,11.895833333333334,59.41928363176208,253.9921875,-142.5078125,6.154592803030303,50.28962760608817,253.2578125,-235.5546875,1
0.54927490234375,1.0619534079801718,8.0,-2.8818359375,0.21935546875,0.4078471442813468,2.909912109375,-1.369384765625,0.6848388671875,0.9570700579190187,8.0,-2.768310546875,-0.9345012626262627,63.30142735733912,253.9921875,-256.0,8.774700126262626,65.72341475317323,253.9921875,-181.2109375,9.571417297979798,47.90474216549647,253.9921875,-113.6015625,1
0.4088525390625,0.7316724105097547,1.884765625,-2.2568359375,-0.17908447265625,0.49327833904631485,0.918701171875,-1.98095703125,0.68017822265625,0.44370817806051804,2.050048828125,-0.494873046875,-0.09761679292929293,82.47591511949383,253.9921875,-256.0,11.598958333333334,54.75490853684115,230.1171875,-144.796875,-16.55587121212121,54.77338275041553,91.3359375,-256.0,1
0.4648046875,0.72949883737661,1.498046875,-3.32568359375,-0.3795703125,0.4838049531620802,0.433349609375,-1.54345703125,0.49910400390625,0.31970028135752954,1.837646484375,-0.6533203125,-8.370186237373737,67.95065262076291,253.9921875,-256.0,18.92416351010101,59.531505023162445,219.9140625,-122.9453125,-2.854876893939394,63.83704405182138,216.0390625,-194.40625,1
0.6514794921875,0.5388211861996461,1.572021484375,-2.464111328125,-0.4221484375,0.5601933734674839,0.90771484375,-2.313720703125,0.36174072265625,0.3768239054909654,2.101318359375,-0.86181640625,-0.7834595959595959,62.45761970681081,253.9921875,-198.0078125,23.130681818181817,53.29839443783952,180.3359375,-93.4453125,-0.5081281565656566,65.48058086272705,199.2578125,-173.984375,1
0.75814697265625,0.4771112736310795,2.23486328125,-2.432861328125,-0.3028515625,0.5932403680973558,0.700439453125,-2.770263671875,0.5326953125,0.5063547128301533,2.62939453125,-2.01513671875,0.47529987373737376,77.90345934518751,253.9921875,-256.0,8.535195707070708,42.303878995745755,223.3828125,-108.9921875,0.9764835858585859,77.84433039768413,253.9921875,-256.0,1
0.3223681640625,0.8560597383636048,3.47216796875,-1.503173828125,0.2053076171875,0.38479981218455367,2.2587890625,-0.63525390625,0.36963623046875,0.6741579290961563,4.6943359375,-0.9404296875,-7.30831755050505,62.284012015996254,253.9921875,-250.34375,38.064078282828284,87.67520599657765,253.9921875,-204.1875,14.43426452020202,85.97841717751379,253.9921875,-256.0,1
0.1133203125,0.9516341038214213,3.665283203125,-1.035888671875,-0.01604248046875,0.2960707689189103,1.63427734375,-0.727294921875,0.39119873046875,0.6430032040668574,4.149658203125,-0.575439453125,-23.193655303030305,50.83199004819905,66.6328125,-154.59375,19.466856060606062,62.57783803255837,253.9921875,-104.0625,21.415088383838384,60.55866384546173,222.3828125,-75.140625,1
0.6371044921875,0.7131282999060974,5.25634765625,-0.655029296875,0.13509521484375,0.2500860456566721,1.824462890625,-0.65673828125,0.65900390625,0.6655329717497499,2.371337890625,-4.301025390625,7.948469065656566,46.102242611839806,166.0390625,-168.828125,12.228535353535353,31.646679402343207,144.7265625,-87.6796875,8.585069444444445,35.79112368954153,246.921875,-38.9765625,1
0.70103759765625,0.6857337608895291,4.677490234375,-0.031005859375,0.19985595703125,0.22246514640758447,0.99951171875,-0.707275390625,0.6516748046875,0.5785303907242245,3.162109375,-2.10791015625,8.76736111111111,49.31870110335411,176.0078125,-106.828125,3.5210700757575757,51.942036420784056,132.1484375,-192.6875,-5.687894570707071,30.249806451315763,109.171875,-142.84375,1
0.40701998197115385,1.2613480899340541,8.0,-1.06689453125,0.09059870793269231,0.2752192994108727,1.205322265625,-0.35400390625,0.93115234375,0.6513007232927459,5.2412109375,-0.791259765625,16.244873046875,64.79311442495359,144.109375,-207.09375,-0.9622802734375,102.54053605297871,253.9921875,-256.0,16.3856201171875,49.894856362660036,253.9921875,-100.171875,1
0.68193359375,0.8553519015005131,5.93603515625,-1.910400390625,-0.11343994140625,0.4708586482575199,0.919921875,-1.621337890625,0.428994140625,0.6116686879374953,3.893310546875,-1.626708984375,11.760337752525253,63.22291192889532,253.9921875,-175.8515625,8.43142361111111,58.7857245421337,212.15625,-256.0,8.086884469696969,92.49089351481318,218.6328125,-256.0,1
-0.44886962890625,0.5464914134719584,1.015869140625,-1.537109375,-0.4523095703125,0.44884128829471154,0.65380859375,-1.8681640625,0.40833251953125,0.4821238701804416,2.085205078125,-0.9150390625,0.9801925505050505,51.0912428013784,168.6640625,-153.6953125,-12.673847853535353,59.88738291985516,98.9609375,-256.0,2.459359217171717,47.40763212150137,253.9921875,-71.2265625,1
-0.43650833601804123,0.7409332903278955,0.957275390625,-4.595947265625,-0.5190177996134021,0.6010145760644958,1.3125,-3.25537109375,0.29083692413015466,0.38141769400366715,2.71728515625,-0.258056640625,5.005476804123711,61.40219396063919,254.8203125,-150.3515625,-13.73840206185567,68.3662758033187,88.84375,-256.0,1.3984375,72.21069231630351,253.9921875,-167.875,1
-0.30079833984375,0.5821867984628264,0.87255859375,-2.0166015625,-0.546611328125,0.5678185167765388,1.05859375,-3.345703125,0.47543701171875,0.4317280702623808,2.290771484375,-0.56201171875,-3.8585069444444446,60.76911762541223,253.9921875,-256.0,-13.045691287878787,65.2321644060408,97.109375,-256.0,1.688052398989899,64.818457365795,253.9921875,-148.90625,1
-0.4163037109375,0.6061774302632551,0.726318359375,-3.302734375,-0.55918212890625,0.5623308299255906,0.876708984375,-2.383544921875,0.29404296875,0.44623534298716366,2.286376953125,-0.2978515625,7.58080808080808,56.67471507817515,196.40625,-168.1953125,-10.706123737373737,57.95917070901371,97.046875,-256.0,3.0025252525252526,69.10501331566348,253.9921875,-112.21875,1
-0.5305322265625,0.5075197318661888,0.13037109375,-2.672119140625,-0.4568359375,0.2852141188338216,0.122802734375,-1.3466796875,0.53149658203125,0.42836917331668906,2.214111328125,-0.66357421875,-3.2195391414141414,33.80435962255301,70.6640625,-135.4375,-7.02075441919192,37.20490742196318,122.234375,-150.5625,11.090751262626263,51.45253449101878,253.9921875,-74.375,1
-0.53481689453125,0.5025696240949512,0.2890625,-2.902587890625,-0.45716552734375,0.3927013972308187,1.01171875,-1.125244140625,0.507255859375,0.46451387651984327,3.632080078125,-0.139892578125,-4.705492424242424,43.491595518775846,113.5390625,-256.0,-6.734138257575758,52.053696225130594,148.6875,-256.0,11.91540404040404,50.998040479259785,253.9921875,-100.546875,1
-0.55734375,0.6622345971087151,0.2646484375,-4.526123046875,-0.49250732421875,0.3760648069112835,0.83447265625,-1.439453125,0.50238525390625,0.3400781491430981,1.79443359375,-0.072021484375,-0.2964804292929293,34.78004587155381,86.328125,-165.21875,-9.563368055555555,42.21908157081618,76.7734375,-256.0,7.378866792929293,43.937161672188765,253.9921875,-84.890625,1
-0.25094482421875,0.6982941880759245,3.023193359375,-1.92236328125,0.1081591796875,0.7869813641598054,3.798095703125,-4.042236328125,-0.351533203125,0.8678197101187723,1.953857421875,-5.021728515625,-1.114921875,98.69745448142045,253.9921875,-256.0,-7.09984375,75.24091523509692,253.9921875,-256.0,15.5640625,79.66483281321943,253.9921875,-256.0,1
-0.17412353515625,0.5925340320927638,0.857421875,-1.632568359375,-0.2362109375,0.6704783543272433,0.795166015625,-4.80908203125,-0.43259765625,0.7582189297333325,2.967529296875,-3.037841796875,-1.569207702020202,98.20068409318232,253.9921875,-256.0,-22.05737058080808,64.53848683459604,167.1015625,-256.0,17.707070707070706,83.35227406947956,253.9921875,-256.0,1
-0.5659228515625,0.7702053219746074,3.463134765625,-4.91943359375,0.15252685546875,0.650854214588405,4.482666015625,-1.978515625,0.62618896484375,0.6125257308138744,4.560546875,-0.657958984375,3.48989898989899,84.98294115794519,253.9921875,-256.0,-20.762468434343436,68.25319722982495,182.375,-256.0,23.698863636363637,76.41391399646935,253.9921875,-245.109375,1
-0.6079345703125,0.4426872684478693,0.541259765625,-2.162353515625,-0.04900390625,0.46231972309992087,2.037353515625,-1.109130859375,0.65882080078125,0.637029045139527,3.066650390625,-1.572998046875,0.1291824494949495,66.66799104531621,253.9921875,-256.0,-19.988241792929294,77.93627752820261,253.9921875,-256.0,16.95959595959596,52.37436058485387,189.84375,-85.4296875,1
-0.28487060546875,0.9159463390540755,3.02880859375,-3.338623046875,0.42263916015625,0.6176511974933852,2.981689453125,-1.125,0.2036767578125,0.31984900387770915,1.5703125,-0.517333984375,-11.114425505050505,85.10638209425049,253.9921875,-256.0,-13.779750631313131,81.88402709698487,253.9921875,-256.0,-7.83499053030303,74.69995899422081,253.9921875,-156.140625,1
-0.19791748046875,1.0434902473585952,3.551513671875,-3.236328125,0.17634033203125,0.6188249651405963,2.8779296875,-1.365234375,0.49313720703125,0.5194776141882473,2.71630859375,-0.551513671875,2.013415404040404,81.20812349625358,253.9921875,-256.0,-16.785116792929294,93.087586740436,168.2578125,-256.0,-12.90072601010101,72.34772795806175,223.359375,-256.0,1
-0.30791982014973956,0.8111259251531788,2.48193359375,-2.1953125,0.44586435953776044,0.8601793088925958,4.074951171875,-1.371826171875,0.40522003173828125,0.6579976295942429,6.18603515625,-0.713623046875,-24.401233552631577,91.5556202501975,244.71875,-256.0,-17.40921052631579,94.2497580961667,253.9921875,-225.0078125,-19.168009868421052,83.32809588535929,253.9921875,-256.0,1
-0.22236572265625,0.8740385315990806,1.917724609375,-3.601806640625,0.03358642578125,0.6790471274342684,3.309326171875,-3.110107421875,0.48465576171875,0.4348788712861835,2.31884765625,-0.661376953125,-8.305792297979798,113.10597929178304,253.9921875,-256.0,-17.553109217171716,90.60949671181406,166.90625,-256.0,11.260732323232324,83.05072291127507,188.2265625,-256.0,1
-0.1550732421875,0.8093417690186132,1.204345703125,-1.465576171875,0.26359130859375,0.7700368477431454,5.78173828125,-1.038818359375,0.513271484375,0.6726918577899964,5.664306640625,-0.93798828125,6.412405303030303,108.94997910210515,253.9921875,-256.0,-6.169507575757576,94.78726096633004,200.7734375,-256.0,3.0570549242424243,76.40603945270213,161.9296875,-256.0,1
-0.41397705078125,0.6624983808884539,1.13623046875,-2.2802734375,0.42649658203125,0.9190919974320333,7.937255859375,-0.681640625,0.4559130859375,0.8926141271229472,8.0,-3.26953125,-14.069917929292929,74.3320827645791,253.9921875,-217.390625,-19.758049242424242,80.14373607428483,253.9921875,-256.0,-13.72979797979798,51.988332463646884,161.671875,-256.0,1
-0.57541259765625,1.0155667977279401,0.54931640625,-7.937255859375,0.29407958984375,0.8155720663432677,2.05029296875,-3.6474609375,0.5232861328125,0.5385805034862161,1.868896484375,-1.7138671875,-15.81439393939394,104.43542955818621,253.9921875,-256.0,-7.86813446969697,96.48907026613318,253.9921875,-256.0,-14.31857638888889,74.10823296194769,241.2265625,-256.0,1
-0.38384765619999994,0.8638779725288669,3.106445313,-3.093505859,0.54982421881,1.2516251540664105,7.937255859,-3.382324219,0.34483642582,1.0815298701493998,8.0,-3.460693359,-19.26854482323232,76.70444302351558,253.9921875,-256.0,-10.92013888888889,90.32906972984937,253.9921875,-256.0,-8.28125,56.04072049205843,198.8828125,-256.0,1
0.3168017578125,0.6290236414748122,2.571044921875,-0.82666015625,0.01568115234375,0.5569726298974601,2.742919921875,-0.927734375,0.6968017578125,1.128729834318358,7.475341796875,-3.347900390625,0.48674242424242425,87.77803864597988,208.3203125,-256.0,1.6196338383838385,115.20006616489073,253.9921875,-256.0,8.759075126262626,85.83731736380953,253.9921875,-147.609375,1
-0.47364990234,0.8488383800244315,0.921875,-6.797607422,-0.10517578127000002,1.0732821634359664,5.062988281,-2.193359375,-0.22488281256,0.7308788207450392,4.491455078,-2.874511719,-9.914693813131313,85.31976320765968,253.9921875,-256.0,-25.993055555555557,94.96503576857216,253.9921875,-256.0,-17.880839646464647,80.73330216331642,253.9921875,-256.0,1
0.448837890625,0.7670038887842959,3.279052734375,-1.4326171875,0.16178955078125,1.1541314794071793,7.2138671875,-8.0,0.55976318359375,0.8698770911821581,2.31201171875,-4.3828125,7.766098484848484,89.08011279347055,253.9921875,-256.0,12.365609217171718,68.8847546759259,253.9921875,-178.4453125,-2.901278409090909,66.78252507209733,203.921875,-256.0,1
-0.5771386718999999,0.8758909484894155,1.400390625,-4.296142578,-0.22219238283999998,1.0864542935597157,6.407958984,-4.576416016,-0.08140624998,0.8387188862453745,3.996337891,-1.986816406,-8.913115530303031,76.07505360150343,222.640625,-256.0,-23.19397095959596,90.70983437092409,214.8359375,-256.0,-23.35274621212121,72.21289249061101,198.765625,-256.0,1
0.51080078125,0.9223811955696881,5.683349609375,-1.73095703125,0.2315966796875,0.443450182759575,2.076904296875,-2.55322265625,0.6846337890625,0.5952094968860733,3.8740234375,-0.49560546875,1.0400094696969697,65.49295847591782,215.21875,-194.2734375,12.232323232323232,68.12478309061535,253.9921875,-170.15625,1.5868055555555556,59.7135675182409,253.9921875,-133.4453125,1
-0.39592285159999996,0.8035207445530135,0.877929688,-3.540527344,-0.040573730460000006,0.7478196692274578,4.275634766,-2.521484375,-0.33723144536,0.798043055849752,2.741699219,-4.012695313,-8.55831755050505,88.10380797172583,253.9921875,-256.0,-23.108506944444443,107.59825972884894,253.9921875,-256.0,-25.123106060606062,69.7320246706759,145.53125,-256.0,1
-0.52379150531,0.8055493305749581,0.997070313,-3.497558594,-0.03590087888999999,0.9977126052438702,4.781982422,-1.685546875,-0.15557128907999998,0.9558793992970258,3.243896484,-4.588378906,-12.000946969696969,62.444487828179106,216.5390625,-256.0,-25.222695707070706,84.69584267291971,111.5625,-256.0,-25.23587436868687,65.36472132927877,91.984375,-256.0,1
-0.15236572261000003,0.9157210342813609,2.025146484,-3.424316406,0.37230712892999995,0.8708151493487133,7.099365234,-1.302001953,0.052150878889999995,0.6048645104817485,4.128417969,-1.242675781,15.370028409090908,85.92600482300764,253.9921875,-256.0,-15.957386363636363,98.41727496648215,253.9921875,-256.6640625,-18.89575441919192,67.48090231534012,143.65625,-256.0,1
-0.38904052734375,0.6227742402775541,0.580810546875,-1.510498046875,-0.15300048828125,0.5554369252795245,3.76318359375,-1.373046875,-0.19724609375,1.0933627831071,8.0,-2.08154296875,-1.2514204545454546,79.54806712289508,253.9921875,-256.0,-29.06289457070707,110.51178458474644,253.9921875,-256.0,-14.392203282828282,53.31685374553367,147.5390625,-251.0703125,1
-0.3639697265625,0.6808346080203908,0.826904296875,-2.6123046875,-0.1732861328125,0.6688578951599574,4.892333984375,-1.217041015625,-0.09783935546875,0.7240493159561174,2.352783203125,-1.277099609375,-7.3656881313131315,78.19632393461971,253.9921875,-256.0,-31.854087752525253,93.36237883219322,147.328125,-256.0,-23.119318181818183,54.99033036090864,69.5625,-256.0,1
-0.436943359375,0.7053287101643967,1.113037109375,-2.270751953125,0.287509765625,0.6345338711922807,2.373046875,-1.175537109375,0.3402392578125,0.532671785964504,2.2861328125,-1.677734375,-15.029987373737374,78.13512562780751,254.3359375,-216.84375,-9.851246843434344,120.36989174215395,253.9921875,-256.0,-2.6253945707070705,75.16911195676175,211.3359375,-256.0,1
-0.933447265625,0.7330697695911311,1.7470703125,-5.814697265625,0.0315625,0.5817094751397877,3.06640625,-3.552490234375,-0.16733642578125,0.46343355566212446,1.906005859375,-2.0517578125,-15.058475378787879,44.8748108799332,100.34375,-247.5859375,13.470170454545455,86.92748299563917,253.9921875,-256.0,2.5344854797979797,40.91840716576895,183.578125,-113.5625,1
-0.6311962890625,1.2455226815496503,2.010986328125,-7.937255859375,0.6024951171875,1.303982157925593,7.937255859375,-3.633544921875,0.740869140625,0.8478745603924408,5.297119140625,-1.4736328125,-21.892834595959595,59.46365467794535,253.9921875,-256.5703125,-3.110558712121212,62.19010066587687,253.9921875,-256.0,-10.78732638888889,67.73972165946026,253.9921875,-256.0,1
-0.54704345703125,0.9603716917847397,2.822998046875,-7.87353515625,0.019873046875,0.7961173670806072,1.48486328125,-6.973876953125,0.62029296875,1.0188648896757615,8.0,-4.921875,2.858664772727273,105.42960543739454,253.9921875,-256.0,-8.654198232323232,52.922256540295436,116.0703125,-256.0,-12.229640151515152,57.766739988405334,180.84375,-256.0,1
-0.4669465095766129,0.6204706008384636,1.044921875,-4.30908203125,0.2557648689516129,0.45584349953214487,1.8359375,-2.006591796875,0.6983445690524194,0.6783463277360202,3.15478515625,-2.079833984375,-11.358016304347826,61.9348511960145,253.9921875,-171.203125,-2.438094429347826,44.371779742071396,157.4140625,-256.0,0.5598675271739131,53.09897473187687,253.9921875,-149.90625,1
-0.481201171875,0.4815153096598418,0.81689453125,-1.659423828125,0.30770751953125,0.6807108965311545,2.93359375,-4.09033203125,0.58255615234375,0.5867427525137738,3.7001953125,-1.19873046875,-12.249053030303031,58.2958703988068,253.9921875,-152.4296875,-3.0366161616161618,36.807248446098534,102.1171875,-209.6875,-4.8574810606060606,45.23723419237896,224.5703125,-126.3125,1
-0.5319580078125,0.839115003722606,1.64453125,-5.995849609375,-0.03675537109375,1.1009137814311358,5.08544921875,-7.614013671875,0.65453125,0.775821835258199,5.369140625,-3.419677734375,-18.74124053030303,83.43170340180842,253.9921875,-256.0,-8.925031565656566,69.51677081465954,210.1796875,-256.0,-6.188683712121212,62.413032684812464,157.4765625,-256.0,1
-0.38940185546875,0.6940964035820555,2.289794921875,-2.04345703125,0.08102294921875,0.7259539401039811,1.56591796875,-4.31396484375,0.653466796875,0.616661509178692,2.447265625,-3.24658203125,-12.919349747474747,80.22245351339537,253.9921875,-235.171875,-0.12586805555555555,58.68926261930015,245.7109375,-256.0,-6.560684974747475,70.94430494781828,253.9921875,-256.0,1
-0.334248046875,0.8123751417325142,3.710693359375,-2.909912109375,-0.52841552734375,0.684332195576379,1.769287109375,-3.565673828125,0.335341796875,0.4686319117510795,3.112060546875,-1.837158203125,-8.562342171717171,89.76230812708086,253.9921875,-256.0,-7.342171717171717,74.18523628622363,253.9921875,-256.0,-6.070785984848484,56.03294766061178,101.40625,-256.0,1
-0.6278613281900001,1.195036173293692,2.000976563,-7.937255859,0.42083984379000017,0.926026645796817,6.247802734,-0.952148438,0.74722167976,0.8540488601724895,5.824462891,-1.061035156,-12.201152146464647,62.69707185103673,235.40625,-256.0,-10.540877525252526,39.831605318040026,123.0703125,-154.9609375,-1.4786931818181819,47.146567143068594,253.9921875,-141.828125,1
-0.42886447235051545,0.7562058128803392,1.581787109,-4.915039063,0.032309620659793835,0.6435884996563221,4.935791016,-2.476318359,0.7492700951134021,0.5608498975721935,3.393798828,-0.897216797,2.8125,60.921281791956474,253.9921875,-137.8359375,-6.767415364583333,39.304110093866136,80.625,-174.8828125,-8.996419270833334,41.62578067932079,62.1328125,-222.734375,1
0.83970703125,0.7747590454289933,5.90576171875,-1.378662109375,0.2516748046875,0.36417986900802163,1.472412109375,-1.19140625,0.455,0.8390956168006047,4.285400390625,-5.2763671875,4.711726641414141,91.11042700763605,253.9921875,-256.0,9.312894570707071,95.56557103700372,253.9921875,-256.0,-1.7040719696969697,86.26394238910783,253.9921875,-256.0,1
0.487119140625,0.6419640796288899,2.26708984375,-1.700439453125,0.2878955078125,0.33108861623099095,2.176025390625,-1.06884765625,0.613310546875,0.43316723478636426,1.8232421875,-1.810791015625,7.615845959595959,82.27261092840666,241.703125,-256.0,7.391414141414141,42.5994657749897,253.9921875,-73.15625,3.8958333333333335,63.917899279909165,253.9921875,-168.4609375,1
-1.009261067788889,0.9611654504615507,1.008056641,-6.68359375,0.17335340715555556,0.5143910312769467,3.837402344,-1.410888672,0.5578423395000001,0.7804313042782622,6.294921875,-1.237060547,-9.288009129213483,50.47945725320957,253.9921875,-159.96875,-2.309691011235955,86.15019277966138,233.8046875,-233.9375,-1.0632022471910112,41.73323435264973,183.1171875,-133.9609375,1
-0.7921582031600001,0.6003157638166873,1.774902344,-3.202392578,0.25980468754,0.9030083258962406,7.937255859,-2.827636719,0.46661865238,0.5221782349788708,1.816894531,-2.062988281,-11.043402777777779,77.08083827751851,203.015625,-256.0,-5.838778409090909,66.73216704385838,165.390625,-210.2890625,-8.33136047979798,50.94302428352732,146.3515625,-182.1640625,1
-0.47920908823404257,0.8698757158264991,2.355712891,-3.858886719,0.3605749252234043,0.9780945718848679,3.795410156,-6.008544922,0.5440050490957448,0.8432518896851757,3.738769531,-3.942138672,-8.3515625,77.94582973716041,253.9921875,-256.0,6.367271505376344,87.0863284364551,253.9921875,-256.0,-0.06275201612903226,62.05518788099985,253.9921875,-256.0,1
-0.6179418945799999,1.0444328382419683,2.733886719,-5.514160156,0.5787158204,0.8993072938076667,4.340820313,-4.420410156,0.5199658203699999,0.9054965416148365,6.945068359,-2.94921875,2.1912089646464645,77.26876241848754,253.9921875,-256.0,-11.97411616161616,68.39292986570192,219.578125,-256.0,-10.765940656565656,60.3447836388866,189.4375,-256.0,1
-0.5864477539899999,0.9013961156238403,3.472412109,-4.477539063,0.45914062505000003,0.9199322661576009,5.520263672,-3.366943359,0.54828857425,0.9425541041609855,8.0,-2.004150391,6.233822601010101,56.39328795870112,205.9296875,-153.6953125,1.400094696969697,85.87212003261652,253.9921875,-256.0,-14.547821969696969,63.485514760840466,253.9921875,-256.0,1
-0.6257983399000001,0.7711529693154117,1.085693359,-6.711425781,0.21732177303,0.42190819501122995,1.469238281,-1.754394531,0.6781738281799999,0.6626786873121243,3.528808594,-3.182617188,-6.317471590909091,55.70632226414763,217.1171875,-238.3515625,-6.20217803030303,64.64310589580674,253.9921875,-256.0,-8.876183712121213,42.47145494957293,123.5390625,-256.0,1
-0.53528564453125,0.9877432954767527,3.234130859375,-7.937255859375,0.33176025390625,0.42009725894241456,2.5537109375,-1.395263671875,0.67419921875,0.791515548765391,5.329833984375,-1.63720703125,-8.807212752525253,66.33398312479564,253.9921875,-195.84375,-23.609217171717173,87.57738216191434,186.8125,-256.0,-2.2492108585858586,47.786928171134726,215.609375,-147.2890625,1
-0.46099609375,0.6143785407118575,2.457275390625,-2.140380859375,0.22496826171875,0.5872884059434106,1.927734375,-2.049072265625,0.73203857421875,0.607703508793949,2.25390625,-3.065673828125,-1.575363005050505,78.06745566430972,253.9921875,-256.0,-2.5008680555555554,79.62150100302517,179.2421875,-256.0,-11.767203282828282,53.7878262614382,231.3671875,-144.3359375,1
-0.3833544921875,0.6093076097247356,0.976806640625,-1.865478515625,-0.54706298828125,0.7835831797220593,2.1298828125,-5.920654296875,-0.00564697265625,1.0989803143208843,8.0,-6.697021484375,10.002840909090908,78.90210458169085,253.9921875,-146.84375,-17.7963226010101,66.2243336407195,253.9921875,-256.8828125,-5.972537878787879,40.9246595343737,49.1328125,-256.0,1
-0.25087646484375,0.8650557557745672,2.998291015625,-2.443603515625,-0.584169921875,0.8254119972245844,1.9140625,-3.2783203125,0.0769140625,0.9781070481624308,8.0,-1.3779296875,16.981297348484848,92.28504754678798,253.9921875,-256.0,-23.751262626262626,66.65877270479518,105.234375,-256.0,-14.561553030303031,90.05642302461162,253.9921875,-256.0,1
-0.2425830078125,0.884325873139353,4.1044921875,-1.308349609375,-0.5917626953125,1.2718306643938713,2.874755859375,-8.0,0.15922607421875,1.1854392585464808,8.0,-2.563720703125,10.306502525252526,85.30498865335291,253.9921875,-256.0,-13.809816919191919,72.59646436099374,253.9921875,-256.0,-3.5916193181818183,68.59062338118132,253.9921875,-256.0,1
-0.37915283203125,0.7420773060920853,1.4970703125,-3.11083984375,-0.46952880859375,0.6097543012262814,1.290283203125,-3.9990234375,-0.01091796875,0.9132495160491856,8.0,-0.89208984375,-5.380287247474747,93.6249194186987,253.9921875,-256.0,-5.797506313131313,99.09051503777017,253.9921875,-256.0,-10.024305555555555,58.55762508960466,163.4140625,-256.0,1
-0.33179931640625,0.8458204624981184,1.906494140625,-4.9501953125,-0.56415283203125,1.029564157403809,5.679931640625,-5.84814453125,0.0492724609375,0.4399861477979699,2.94384765625,-2.11572265625,-0.3790246212121212,102.08795190664526,253.9921875,-256.0,-14.92321654040404,73.22012387827398,225.1484375,-256.0,-9.865214646464647,56.00582430876096,161.46875,-256.0,1
-0.32987060546875,0.7438697168625427,2.90576171875,-2.375732421875,-0.56966796875,1.042107750056094,3.233154296875,-5.826904296875,0.1285107421875,0.763298304497095,6.60888671875,-0.757080078125,3.078046085858586,81.51909406637459,253.9921875,-256.0,-21.42534722222222,85.62036925792448,229.953125,-256.0,-7.262863005050505,79.99526131448327,253.9921875,-256.0,1
-0.27776123046875,1.0361111216641337,5.691162109375,-1.414794921875,-0.53818359375,0.8280448579696158,1.009033203125,-5.015380859375,0.1379443359375,1.2722714000801565,8.0,-1.76025390625,-4.561079545454546,95.80840103796994,253.9921875,-256.0,-17.91059027777778,92.66928564742847,253.9921875,-256.0,-3.6497001262626263,63.873010578908456,253.9921875,-256.0,1
-0.5109913106020407,0.7730671372375986,0.522949219,-4.228515625,-0.3300606908877551,0.6840742071048801,4.061035156,-1.464355469,0.5667450574285714,0.5443714386421985,3.699951172,-1.043212891,12.456749355670103,99.09127515519806,253.9921875,-124.6953125,17.229059278350515,75.3737590098215,172.78125,-256.0,-31.007973582474225,69.50674932834194,134.2734375,-203.6953125,1
0.34936767578125,0.7209357434637053,2.599853515625,-3.085693359375,0.15841796875,0.5009248361396779,4.6416015625,-0.5888671875,-0.31447021484375,0.6872715910921133,0.643310546875,-2.6025390625,-13.27209595959596,78.11937413487776,123.0,-256.0,18.07070707070707,48.660442372295336,213.8671875,-38.640625,20.68899936868687,56.28370917422426,253.9921875,-62.84375,1
-0.3848985460111111,0.9303793335733408,1.050537109,-5.146728516,-0.34347059465555557,0.7100601788249769,1.358886719,-2.962158203,0.43205837678888886,0.5485325790213126,3.415771484,-0.613769531,2.9634831460674156,69.30175955060228,253.9921875,-120.859375,-12.143433988764045,78.87757890645695,141.390625,-256.0,-0.909497893258427,43.03027998159094,158.7265625,-177.453125,1
-0.35643798825000006,0.7566347164114385,0.996826172,-4.395019531,-0.35203124999,0.6552801538419246,2.396484375,-1.082763672,0.15417236329,0.5909303950711327,3.814453125,-0.890380859,-7.159011994949495,74.29981330549832,253.9921875,-256.0,-8.487847222222221,62.87237394396811,206.5078125,-256.0,-10.336095328282829,36.84635713627554,51.2265625,-256.0,1
-0.41225341801,0.811047977696795,1.875,-4.553466797,-0.35391845701999997,1.0126031542926432,7.937255859,-2.935058594,0.0014038085899999865,1.0349674299936984,8.0,-1.913330078,9.574810606060606,86.79717037769225,253.9921875,-256.0,-5.383680555555555,87.64064275454668,146.90625,-256.0,-19.929529671717173,63.58142404508101,130.828125,-256.0,1
-0.306484375,1.087362464759208,7.971679688,-2.840820313,-0.32560546872,0.7733062470849442,4.164794922,-2.750244141,0.07254882811000002,1.0257914986438184,8.0,-1.306884766,6.421322601010101,73.64417567613917,253.9921875,-256.0,-16.503077651515152,65.94457917981923,128.96875,-256.0,-14.580965909090908,45.373765950486586,59.4609375,-256.0,1
-0.3165576171800001,0.7680326261827016,2.420654297,-3.218994141,-0.42606201173,0.5853368508033393,0.690185547,-3.594726563,0.04889404297,1.0375396249618558,8.0,-1.686523438,9.283301767676768,78.74317974246652,253.9921875,-145.9765625,-15.169902146464647,65.8267932644401,162.078125,-256.0,-8.739030934343434,46.1840979960518,150.5390625,-254.1171875,1
-0.32072265625,0.655325297029233,2.56591796875,-1.334228515625,-0.49203369140625,0.5369456655860294,0.5703125,-2.766845703125,-0.052822265625,0.3933587030065985,0.747802734375,-1.16064453125,5.80831755050505,74.06158608297291,253.9921875,-174.125,-20.765782828282827,53.242178103018986,26.1328125,-256.0,-13.523516414141413,51.08361807872603,80.6328125,-256.0,1
-0.2952197265625,0.6053459767353879,1.56982421875,-1.26220703125,-0.42581298828125,0.5452695022453028,1.189453125,-1.971435546875,-0.17190185546875,0.45448057820665383,0.439208984375,-2.58642578125,7.8779198232323235,84.68274549033876,253.9921875,-164.1484375,-25.974352904040405,68.10097619120985,48.4765625,-256.0,-3.1303661616161618,61.050531326311855,214.328125,-244.1953125,1
-0.28102783203125,0.847069386554517,4.784912109375,-1.935791015625,-0.55306640625,0.8747495732389523,0.642822265625,-8.0,-0.07181884765625,0.8963238880759226,8.0,-1.037841796875,6.241082702020202,91.94122859752397,253.9921875,-256.0,-26.01696654040404,83.02721230923527,107.3515625,-256.0,-6.489662247474747,72.09353075234233,253.9921875,-256.0,1
-0.308720703125,0.7754198963242195,1.633544921875,-4.273193359375,-0.37427490234375,0.6088246021097851,1.360595703125,-1.992431640625,0.3970703125,0.6423989423545976,3.24755859375,-1.296142578125,16.707859848484848,100.74539004331957,253.9921875,-148.6640625,-0.42195391414141414,109.58757983232607,253.9921875,-256.4296875,7.839094065656566,105.99292838073153,253.9921875,-256.0,1
-0.36378599016853935,0.8640134899523488,0.9443359375,-3.05419921875,-0.003173828125,0.6756751575599755,2.652587890625,-0.944091796875,0.35037745786516855,0.7950519994568948,2.921875,-0.926513671875,-20.368341619318183,129.03277452494564,253.9921875,-253.8125,0.03488991477272727,88.68320733606947,217.390625,-256.0,33.27814275568182,104.9804654567902,253.9921875,-179.953125,1
-0.11445569490131578,1.0012405382269498,4.4345703125,-1.201171875,-0.25439967105263156,0.9177272267729923,3.197509765625,-5.51025390625,0.3696391858552632,0.5152913754776239,1.568359375,-1.170166015625,5.638630319148936,105.63979697712995,253.9921875,-256.0,1.8104222074468086,76.30804268296818,253.9921875,-256.0,28.616605718085108,90.49049105421042,253.9921875,-256.0,1
-0.21478515625,0.8814921128476787,1.80029296875,-4.510498046875,-0.0933642578125,0.5850455146795945,2.1259765625,-2.840576171875,0.42511962890625,0.5596891323461961,3.070068359375,-1.09619140625,0.9868213383838383,119.34405662953493,243.1171875,-256.0,-1.1171875,63.53652358835364,195.34375,-226.3359375,4.659090909090909,87.84869859599989,253.9921875,-140.8984375,1
-0.24971988075657894,0.7188949944734049,0.95947265625,-1.414794921875,-0.22105520148026317,0.6636236073478989,1.50390625,-4.682861328125,0.43194901315789475,0.7179062106314708,4.796875,-1.0234375,23.40234375,110.19884604740197,253.9921875,-256.0,-10.393700132978724,79.0865011043477,142.4609375,-256.0,19.320561835106382,105.43270144291724,253.9921875,-178.4765625,1
-0.343798828125,0.7157718075629396,0.9404296875,-2.946533203125,-0.20751696134868422,0.5021343709350531,1.791015625,-2.338134765625,0.5199732730263158,0.5855381482585142,2.84423828125,-0.366455078125,18.53407579787234,96.77856730822234,237.2421875,-256.0,-16.656499335106382,74.27723962494771,211.09375,-256.0,25.262965425531913,98.09032186405634,253.9921875,-129.5,1
-0.42584228515625,0.7580599079153811,0.45263671875,-3.68310546875,-0.62583984375,0.473315672505797,1.001953125,-1.790771484375,0.37477294921875,0.5398800113219726,3.841796875,-0.898681640625,-8.325994318181818,71.49275854357661,182.703125,-256.0,1.3969381313131313,62.60834211306369,209.9296875,-256.0,14.683475378787879,82.08117002859093,253.9921875,-256.0,1
-0.2875439453125,0.8381974729144205,0.78173828125,-5.503173828125,-0.68115478515625,0.4222393560505004,1.07421875,-1.14013671875,-0.05828369140625,0.49739255264225546,4.43212890625,-1.35107421875,9.458806818181818,63.446111133275366,253.9921875,-149.0,-1.269412878787879,49.11880772813113,253.9921875,-256.0,19.930160984848484,64.63277436707104,253.9921875,-256.0,1
-0.23299967447916667,0.6075674897949462,0.7822265625,-1.52392578125,-0.5790635850694444,0.4006108267820185,0.558837890625,-2.677001953125,-0.2479763454861111,0.32873185013887213,0.427734375,-1.263671875,1.9805126404494382,64.95395891449108,253.9921875,-145.921875,-7.226035814606742,35.850133842622704,56.875,-245.7109375,11.886762640449438,49.37180843787023,253.9921875,-75.8359375,1
-0.2916056315104167,1.0546961605438565,2.505615234375,-7.937255859375,-0.347412109375,0.8739971021950443,1.231689453125,-8.0,-0.3526153564453125,0.7863412950329243,3.37744140625,-3.715087890625,15.16924342105263,75.78728204094767,253.9921875,-119.1484375,-5.152467105263158,53.095656743151615,253.9921875,-256.0,28.771792763157894,76.4667750123267,253.9921875,-180.015625,1
-0.3190892269736842,1.0090268669551101,2.52392578125,-7.937255859375,-0.7117778577302631,0.9904071742015037,3.787841796875,-8.0,0.2643092105263158,0.5707300290588657,4.05224609375,-1.831298828125,-1.7819148936170213,79.95837111935181,253.9921875,-256.0,-3.1446143617021276,57.14534349928027,253.9921875,-256.0,10.886635638297872,79.78567321324194,253.9921875,-256.0,1
-0.2617431640625,0.6384759869693976,0.7734375,-2.232177734375,-0.41821044921875,0.38472572157697504,1.31640625,-1.0302734375,-0.28998779296875,0.46774638539497254,0.478759765625,-1.373779296875,20.520912247474747,106.5491999897762,253.9921875,-256.0,-1.4117739898989898,60.34118640323808,188.421875,-157.8359375,8.210069444444445,74.82298740335213,253.9921875,-185.7734375,1
-0.50703857421875,0.5372853882574276,1.373779296875,-1.828857421875,0.20091552734375,0.6601963490378189,1.76904296875,-2.2919921875,0.14142333984375,0.488001659277876,1.23046875,-1.843505859375,3.228219696969697,105.74992112822878,253.9921875,-256.0,-0.12523674242424243,66.70039588514884,253.9921875,-157.34375,30.164299242424242,82.84963942045431,253.9921875,-126.25,1
0.06511262175324675,0.34934796386863964,0.820556640625,-0.766357421875,0.19771902901785715,0.5670256323548433,1.276123046875,-0.88525390625,0.8381474482548701,0.2973103642976835,2.22216796875,-0.09765625,8.277857730263158,73.28227847206246,253.9921875,-132.84375,-0.18143503289473684,53.42916354567538,253.9921875,-219.890625,-15.689761513157896,66.20988158284845,96.25,-232.375,1
-0.4269299958881579,0.6709977976714061,2.690673828125,-1.37255859375,-0.032293379934210525,1.692184475247365,2.575439453125,-8.0,-0.23692948190789473,1.1927810679671436,2.013427734375,-5.883544921875,23.39735704787234,153.30411219127745,253.9921875,-256.0,-0.4797207446808511,92.8263522550871,253.9921875,-256.0,26.7641289893617,93.5277736300096,253.9921875,-145.5703125,1
-0.6876889183407738,0.30659936367827006,0.036376953125,-1.782958984375,-0.41637602306547616,0.5299938742236048,1.1279296875,-2.6953125,0.46142578125,0.48246363555976113,2.924560546875,-0.4267578125,-7.497082078313253,87.16922601067839,158.3125,-256.0,-3.254800451807229,71.69293096169939,183.8828125,-256.0,18.375753012048193,62.64035481260939,253.9921875,-147.6484375,1
-0.35912262991573035,0.4657611691387578,1.1376953125,-1.239990234375,0.2745018433988764,0.5645585666633662,2.241455078125,-0.649169921875,-0.2583721032303371,0.5832795294889869,0.99169921875,-2.29931640625,-0.15012428977272727,98.80621294690454,253.9921875,-256.0,0.23561789772727273,72.42807814134818,253.9921875,-256.0,22.425603693181817,61.1530835180857,253.9921875,-121.7109375,1
-0.401962890625,0.5771217645410273,3.194580078125,-1.008544921875,0.141328125,1.0353124440403585,1.327880859375,-8.0,-0.27724853515625,0.824826636952524,0.580322265625,-7.51806640625,6.387547348484849,85.40936951907605,253.9921875,-147.8984375,-8.537089646464647,60.37259962002095,160.6875,-256.0,28.04079861111111,72.31335108908421,253.9921875,-256.0,1
0.66988525390625,0.9671443617603244,2.46826171875,-4.048095703125,-6.34765625e-05,0.591992792233039,1.355712890625,-2.31396484375,0.53857666015625,1.3548672124573051,8.0,-1.28076171875,7.424952651515151,119.26697844179263,253.9921875,-256.0,-12.57449494949495,110.38091930292245,253.9921875,-256.171875,-18.270912247474747,71.40141804475483,241.34375,-192.578125,0
0.90106201171875,0.8158897060793324,3.8740234375,-5.0615234375,-0.089794921875,0.5276004601587193,1.85009765625,-2.3154296875,0.59385986328125,0.9563361592684131,8.0,-0.58251953125,0.88510101010101,81.59058822184683,253.9921875,-162.2265625,12.796875,90.43473260450993,238.953125,-256.0,3.4666193181818183,58.23589563699929,248.21875,-167.7890625,0
0.27919145063920453,1.0573373098068857,1.92626953125,-3.960693359375,0.18861250443892044,0.45098534241805405,1.138427734375,-2.123779296875,0.5616371848366477,1.3367888446629228,8.0,-0.45263671875,3.668462643678161,70.63451965276863,224.6953125,-222.109375,-26.483746408045977,84.31373577538605,210.171875,-256.0,-32.564924568965516,67.31674766959937,58.7421875,-228.03125,0
0.1954730308219178,0.6868732051408889,1.1376953125,-0.829345703125,0.15089228381849315,0.5831967118890141,1.15087890625,-1.56396484375,0.5343636290667808,0.21520965231920902,1.144287109375,-0.137939453125,11.346245659722221,109.2345034576997,253.9921875,-256.0,-27.81467013888889,50.209438002167616,49.6171875,-179.640625,-20.69455295138889,28.10926571356307,33.0078125,-93.046875,0
0.038498122970779224,0.7012312232435612,0.88525390625,-0.819580078125,0.19098455255681818,0.49732056113474893,1.0302734375,-1.0234375,0.5218807071834416,0.2312891050361286,0.892578125,0.158203125,8.858655427631579,89.31650067645404,253.9921875,-256.0,-28.79574424342105,39.8862307542692,23.9609375,-132.953125,-29.24475740131579,30.465828933551872,4.2109375,-77.46875,0
-0.14601318359375,0.7997355331352292,1.079833984375,-1.24072265625,0.0226611328125,0.5394046453725353,1.0703125,-1.3251953125,0.34928466796875,0.30220406443494885,1.27734375,-0.1416015625,-39.187973484848484,81.34737563305107,202.5703125,-234.5625,16.503630050505052,61.70397525767718,228.4453125,-51.6875,8.480429292929292,38.37797759801142,172.4296875,-66.46875,0
0.35034423828125,0.5208003812481159,0.955322265625,-0.530029296875,0.2335400390625,0.5547509204767472,1.205810546875,-0.50244140625,0.4703564453125,0.3009862803995082,0.947021484375,-0.2392578125,-15.167455808080808,56.8076031421966,127.5390625,-182.5,1.2763573232323233,29.63994298148814,95.0703125,-76.6015625,-21.717960858585858,44.530427686217244,28.9765625,-194.1640625,0
-0.2380343350497159,0.1987147100063754,0.191162109375,-0.7021484375,0.8570917302911932,0.17576133553481435,1.479736328125,0.304931640625,0.3367032137784091,0.16621019184469013,0.693115234375,-0.086181640625,-7.882722701149425,60.33471191863338,136.078125,-181.3984375,6.084590517241379,44.98892474272755,121.875,-130.4609375,8.199353448275861,26.13529661175399,64.2734375,-50.859375,0
-0.09200927734375,0.5377293271115052,0.89794921875,-0.779052734375,0.511298828125,0.3862675635038935,1.282958984375,-0.34375,0.5924951171875,0.0856391027768016,0.864501953125,0.29150390625,-7.397411616161616,35.67983817690349,160.09375,-96.53125,8.960148358585858,29.587472545378848,72.2890625,-71.40625,25.181739267676768,41.01979702485604,166.203125,-15.484375,0
-0.7612895764802632,0.04079419498936342,-0.678955078125,-0.8369140625,0.5575169613486842,0.03938219644814804,0.638916015625,0.469482421875,0.23380705180921052,0.0645553186780478,0.39794921875,0.11669921875,-1.4633223684210526,6.920798140223664,14.0859375,-25.484375,3.172450657894737,7.674389363983576,31.078125,-12.0,-1.0916118421052632,3.393431912166176,14.203125,-8.6796875,0
-0.42803466796875,0.14439179927553594,-0.018310546875,-0.80419921875,-0.15600341796875,0.5198013022497388,0.6552734375,-0.98193359375,0.7415185546875,0.17212490162399904,1.0712890625,0.135986328125,7.834359217171717,60.72449280334836,186.6015625,-136.1640625,2.636600378787879,48.86918175861082,82.5546875,-132.703125,-20.214015151515152,33.619988905319005,57.53125,-110.4375,0
-0.1993212890625,0.249825352652843,0.281005859375,-0.890380859375,-0.04744384765625,0.2592942446615207,0.46923828125,-0.55712890625,0.9619921875,0.1506787159217377,1.37890625,0.480712890625,-12.40988005050505,58.25124059110731,234.1171875,-190.453125,12.23303345959596,36.282944813914696,138.703125,-52.03125,7.841303661616162,27.53031012742646,68.1328125,-72.6796875,0
-0.43400247981039325,0.28482549360906606,0.416259765625,-0.835693359375,-0.19264341204353932,0.47286707975275655,0.530517578125,-0.95849609375,0.7244777036516854,0.2331397521265029,1.250244140625,0.1337890625,13.872691761363637,44.15250754808517,154.1484375,-70.8046875,-23.323508522727273,44.01010943578757,64.4140625,-126.7890625,-18.931995738636363,27.8331640807905,33.3125,-88.1171875,0
-0.54906005859375,0.1258442093267932,-0.3095703125,-0.83935546875,0.68830810546875,0.09335192850973208,0.905517578125,0.4697265625,0.431416015625,0.07336789082752741,0.58154296875,0.2333984375,-1.0220170454545454,10.992377456735326,38.7421875,-29.6640625,1.5656565656565657,13.607120682902385,36.2265625,-30.5390625,0.9878472222222222,13.918021367326121,48.7734375,-30.5078125,0
-0.35073974609375,0.22604136456558735,0.17822265625,-0.875732421875,0.725927734375,0.2046404748144077,1.565673828125,0.1748046875,0.54995361328125,0.1653712574390427,0.916259765625,0.109130859375,-4.871212121212121,63.95781882484904,253.9921875,-186.125,8.986426767676768,26.025492339464485,75.453125,-47.421875,2.2446338383838382,42.49125259358389,150.9609375,-97.921875,0
-0.630358244243421,0.16038048876462083,-0.167236328125,-0.852783203125,0.6070139031661185,0.07489850375324837,0.81689453125,0.433837890625,0.37581594366776316,0.20227783605745703,0.831298828125,0.119140625,6.3819791666666665,21.92568148873963,68.9609375,-67.984375,-1.7604166666666667,15.394386455185447,36.046875,-32.9296875,-9.095416666666667,10.015950437813832,2.8125,-32.2109375,0
-0.74199462890625,0.1182029334581718,-0.476318359375,-1.080810546875,0.5646728515625,0.09252448157510795,0.80078125,0.3525390625,0.306435546875,0.08856660564977084,0.50732421875,0.138671875,6.888494318181818,26.532912624670765,55.25,-45.515625,7.652777777777778,19.757924605885794,53.078125,-34.171875,-3.866082702020202,23.159908382805387,88.3203125,-44.828125,0
-0.6875537109375,0.1453834671316537,-0.16748046875,-1.01171875,0.5803076171875,0.1579903415220669,1.17333984375,-0.253662109375,0.39049072265625,0.1929253328569138,1.486328125,0.159423828125,-13.984532828282829,51.39061235525852,253.9921875,-161.3984375,-11.370186237373737,52.18078248226911,126.59375,-243.1640625,6.3400410353535355,20.090492574522127,62.84375,-46.140625,0
-0.6166522686298077,0.08381506158878817,-0.472412109375,-0.901123046875,0.6908663236177884,0.08869295734467994,0.844970703125,0.489990234375,0.31029334435096156,0.07879237656786012,0.50927734375,0.16796875,-1.4833026960784315,11.529791319055343,23.5546875,-28.125,2.3143382352941178,14.535901719297375,33.90625,-21.8515625,-0.9217218137254902,11.375136929419279,22.9140625,-26.1953125,0
0.36950927734375,1.2192213205913942,1.728759765625,-6.805419921875,0.47092041015625,0.518504525778974,1.93310546875,-2.496337890625,0.3828955078125,1.4686514895335392,8.0,-2.229248046875,-11.662957702020202,98.86866182410876,221.421875,-256.0,-2.544113005050505,142.94624017834514,253.9921875,-256.0,10.03772095959596,101.67521541966345,253.9921875,-256.0,0
0.011875109726123595,1.14776875400816,2.03662109375,-5.29833984375,0.46390559164325845,0.4787829250529815,1.773193359375,-1.44482421875,0.1910276948735955,0.7941892140677618,3.652587890625,-1.32470703125,-11.356178977272727,100.81296461765363,253.9921875,-251.375,-7.935369318181818,137.4610952965422,253.9921875,-243.875,-23.331676136363637,87.78552553634738,173.21875,-256.0,0
0.278017578125,1.3269102191787974,2.09228515625,-7.937255859375,0.5385107421875,0.4755336193720842,3.006103515625,-1.406494140625,0.4319873046875,1.4706254458558476,7.764404296875,-1.357177734375,-7.6982323232323235,107.32866403993789,253.9921875,-256.0,-25.202335858585858,159.82777602497265,253.9921875,-256.0,-13.294349747474747,84.25664727966928,130.90625,-256.0,0
-0.7327397184551887,0.23307764917761947,0.00341796875,-1.032470703125,-0.6480920179834906,0.23360160252578388,-0.290283203125,-1.375244140625,-0.00537109375,0.23826284246024823,0.647705078125,-0.485595703125,27.810096153846153,68.61167055903144,249.421875,-82.3828125,-1.5509314903846154,30.804475969742963,58.4453125,-84.5234375,-17.51532451923077,45.8124540096514,61.421875,-143.140625,0
-0.73077392578125,0.16370612676019675,-0.491943359375,-1.074462890625,-0.63390869140625,0.2541382900028747,-0.225341796875,-1.394287109375,0.18744384765625,0.08101941073188777,0.334228515625,-0.001953125,0.2923768939393939,28.63300408073622,65.5859375,-127.7734375,-2.348721590909091,13.341262884898622,30.734375,-37.734375,-8.41540404040404,35.571608806075986,65.375,-127.1953125,0
-0.766181640625,0.23064472289896717,-0.40673828125,-1.538330078125,-0.5518994140625,0.2793760455408523,-0.27099609375,-1.145263671875,0.1371630859375,0.1837050384865692,1.62841796875,-0.135986328125,-1.8184974747474747,39.82037118359461,116.625,-129.3984375,-1.2372948232323233,32.206238102114746,104.6328125,-109.5078125,-10.30697601010101,24.618266723084293,27.1484375,-104.8203125,0
-0.26699951171875,0.7503930322905356,1.02783203125,-1.7578125,0.353076171875,0.44255551232449936,2.060302734375,-0.2255859375,0.40713623046875,0.291308826299377,1.5537109375,-0.0703125,-13.378472222222221,68.56634314605701,168.0390625,-210.984375,-6.674952651515151,87.46428750727888,214.5390625,-256.0,2.0152304292929295,104.55782393406336,253.9921875,-256.0,0
-0.22355224609375,0.7978998961396071,0.832275390625,-1.663330078125,0.29635498046875,0.39359897510865904,1.571044921875,-0.323974609375,0.458525390625,0.2475592926557257,1.21142578125,0.103271484375,-4.667850378787879,58.00328094932517,144.1015625,-194.28125,-10.918797348484848,69.86886141908833,94.53125,-232.84375,4.955255681818182,103.47958674311934,253.9921875,-228.3671875,0
-0.0267431640625,0.8168338742954565,0.887939453125,-1.70654296875,0.33095947265625,0.361565788496422,1.381591796875,-0.169677734375,0.48287353515625,0.21836948644329962,1.2802734375,0.10302734375,-2.802004419191919,58.85829254613253,188.828125,-158.3125,0.5497159090909091,76.08383852792011,253.9921875,-207.828125,-1.5556344696969697,102.57998636680277,253.9921875,-256.0,0
-0.9140576171875,1.1397516685246871,0.705078125,-4.290283203125,-0.44763916015625,0.4061292857113929,0.209716796875,-1.83154296875,0.1118603515625,0.2147794020401353,0.623291015625,-0.868408203125,-9.312657828282829,94.83432737182956,253.9921875,-255.09375,1.3080808080808082,63.95111609128772,253.9921875,-146.9296875,-4.990451388888889,99.99023781063946,253.9921875,-256.0,0
-0.98198974609375,1.4278468175589074,0.893310546875,-5.527587890625,-0.32680908203125,0.35596862170445087,0.877197265625,-1.1982421875,0.09212890625,0.4992627269496131,0.7578125,-2.45263671875,5.669113005050505,104.36651262396917,253.9921875,-227.6640625,-6.562973484848484,69.20782841714585,171.7890625,-185.703125,-1.9652777777777777,92.1412757163403,174.546875,-256.0,0
-0.99566162109375,1.2689840856508463,0.74609375,-5.332275390625,-0.307978515625,0.4293800245432487,1.2939453125,-1.834716796875,0.0130419921875,0.4089080727419608,0.599365234375,-2.767333984375,-4.8578756313131315,121.67906768257008,253.9921875,-256.0,7.721906565656566,78.7007758311629,253.9921875,-187.8046875,-1.3231534090909092,110.79390917776271,253.9921875,-256.0,0
-0.73933837890625,1.056724806193881,1.673095703125,-5.3564453125,-0.94310546875,1.1736585873157175,1.11865234375,-4.68994140625,-0.31824462890625,0.8480879620052665,0.86376953125,-4.24609375,5.27572601010101,142.30597717933694,253.9921875,-256.0,28.52209595959596,144.67786632512278,253.9921875,-256.0,3.9071180555555554,155.52082036200798,253.9921875,-256.0,0
-0.1459649658203125,0.28649260043537617,0.3131103515625,-0.8759765625,-0.32069091796875,0.4297087265320353,0.4178466796875,-1.61126708984375,-0.0910894775390625,0.15891233027832347,0.39129638671875,-0.5269775390625,11.16161616161616,141.85967960289793,253.9921875,-256.0,18.704387626262626,183.09495890740988,253.9921875,-256.0,25.18481691919192,157.5307288236043,253.9921875,-256.0,0
-0.58017333984375,1.2885151656611484,1.378662109375,-4.924560546875,-1.15641845703125,1.5332362802193482,1.429443359375,-6.705810546875,-0.395361328125,0.7706365859188664,1.109130859375,-3.653076171875,-16.369318181818183,145.70942139502472,253.9921875,-256.0,26.143623737373737,153.35934223115888,253.9921875,-256.0,56.94073547979798,155.9079001929308,253.9921875,-256.0,0
-0.3693212890625,0.6337364211311246,3.064453125,-1.46044921875,-0.44583740234375,0.618716474429189,0.634521484375,-5.254638671875,0.43502197265625,0.7400277625938028,2.011474609375,-4.92919921875,-3.118765782828283,82.51953248726015,253.9921875,-210.90625,-13.602035984848484,71.88609369002063,159.3203125,-256.0,-3.0018939393939394,55.44159000700796,149.359375,-256.0,0
-0.30359619140625,0.4143746656169089,0.45751953125,-1.51123046875,-0.225966796875,0.380910230040735,0.904296875,-1.643798828125,0.76560791015625,0.4501868260905645,1.548828125,-0.612548828125,-2.606060606060606,71.04047569901995,253.9921875,-203.984375,-20.0848327020202,57.93832006929511,118.25,-204.46875,-12.769412878787879,53.15249251908423,124.578125,-201.0546875,0
-0.40758056640625,0.5041504880152279,1.090087890625,-1.713623046875,-0.1876171875,0.3432999412646578,1.29052734375,-1.353759765625,0.76228759765625,0.47362525547566375,2.08740234375,-0.349365234375,0.8098958333333334,79.09489198632613,253.9921875,-256.0,-19.83940972222222,63.649843164752475,140.9609375,-219.375,-7.257260101010101,51.80298823862433,154.265625,-191.71875,0
-0.7644938151041667,0.2795180587115282,-0.140869140625,-1.641845703125,0.4167534722222222,0.33567012423095827,1.296875,-0.85595703125,0.297412109375,0.2795422101464956,1.07177734375,-0.892822265625,-7.80688202247191,102.75632995440566,253.9921875,-256.0,-1.4553195224719102,45.47553171479835,195.4765625,-201.78125,5.452686095505618,32.78216188273233,147.8828125,-86.2890625,0
-0.780153086487676,0.2929291830023488,0.026611328125,-1.571044921875,0.4929955710827465,0.2994289658471986,1.2421875,-0.066162109375,0.269957636443662,0.2751619628839601,1.04638671875,-0.173583984375,14.996205357142857,93.22635133884881,253.9921875,-256.0,1.0427455357142856,47.11105038630931,102.359375,-123.9765625,8.621651785714286,41.53627362518375,137.3359375,-72.015625,0
-0.52821044921875,0.5326271880119896,0.89404296875,-1.6259765625,0.43555908203125,0.368766316157973,1.219482421875,-0.626220703125,0.3498291015625,0.27163322155583813,1.48388671875,-0.241455078125,1.4245580808080809,80.89009982492502,213.1796875,-256.0,11.0078125,38.99483277324998,210.9140625,-75.4375,33.07899305555556,82.00029567855144,254.6328125,-89.6015625,0
-0.7376171875,0.3639353388113387,0.253173828125,-1.707763671875,0.03206298828125,0.35401146451892185,0.6455078125,-0.99658203125,0.3880078125,0.35084452082691236,1.411865234375,-0.323486328125,-3.1848958333333335,83.66871936955323,175.4609375,-234.1015625,2.692550505050505,57.648954806271185,133.765625,-153.53125,-6.505366161616162,66.3888882778596,225.46875,-125.421875,0
-0.4309765625,0.43137195504726905,0.20947265625,-1.192138671875,0.3733837890625,0.35158009765662923,1.197265625,-0.2998046875,0.5817724609375,0.37919794211810076,1.763671875,0.080078125,15.357007575757576,81.13109873388296,192.6171875,-237.375,-8.106297348484848,36.09225215149747,114.234375,-127.9609375,-7.329861111111111,66.06099831434582,115.6875,-226.4453125,0
-0.46297623275162336,0.512366948826631,0.599365234375,-1.1640625,0.10604263900162338,0.529482349023138,1.449462890625,-1.077392578125,0.48920391132305197,0.3529278939407032,1.383544921875,-0.443115234375,-8.123458059210526,113.37154659660848,247.921875,-256.0,-11.365234375,73.95334645886457,253.9921875,-194.9375,-36.76891447368421,76.9542244847729,81.5703125,-256.0,0
-0.54730712890625,0.42091764806112414,0.339111328125,-1.19677734375,-0.348251953125,0.14984744309059933,0.050048828125,-0.8828125,0.55362060546875,0.4035185211387907,1.341796875,-0.203125,0.5669981060606061,55.743668108611246,224.359375,-144.3046875,14.039693813131313,37.58949472041956,134.9296875,-54.625,-11.722774621212121,55.738342494160655,154.2265625,-136.2578125,0
-0.5886773003472222,0.40113648582235145,0.099365234375,-1.353759765625,-0.2757486979166667,0.1431384091525399,0.30419921875,-0.94384765625,0.5358127170138889,0.4761294993340522,1.2431640625,-0.28466796875,-16.365607443820224,47.89088738511987,86.65625,-229.7265625,-13.50368679775281,40.458906210026036,43.375,-156.3984375,4.791871488764045,27.154076786462827,76.25,-56.3671875,0
-0.4059423828125,0.42007730082026135,0.239990234375,-1.203857421875,-0.2545654296875,0.19657852465348885,0.260498046875,-0.877685546875,0.67963134765625,0.4555288570977379,1.71533203125,-0.18896484375,-7.437894570707071,61.963995662168976,165.78125,-256.0,-8.870186237373737,39.72825271970797,107.703125,-157.703125,9.301925505050505,36.5258004727211,138.8203125,-81.2265625,0
-1.1185329271399456,0.3670500666519934,-0.374267578125,-1.9814453125,-0.30213729194972827,0.1629685378918268,0.08056640625,-0.76708984375,0.078369140625,0.19056321037889318,0.6083984375,-0.3291015625,-17.11710164835165,93.82940907377821,203.453125,-230.390625,-2.207760989010989,123.81376151105312,219.734375,-256.0,1.9261675824175823,164.23134811245657,253.9921875,-256.65625,0
-0.91712158203125,0.4470801562170898,-0.090576171875,-3.1337890625,-0.441943359375,0.3306452917639732,0.58642578125,-1.453125,0.15112548828125,0.4031469021177605,2.714599609375,-0.500244140625,-17.369949494949495,101.63877306240998,253.9921875,-256.0,-0.2545770202020202,101.14746764750146,253.9921875,-256.0,5.088383838383838,101.07261957099628,202.65625,-206.921875,0
-0.72630859375,0.3723766212184787,-0.0498046875,-1.924560546875,-0.6104736328125,0.30375232573980665,-0.057373046875,-1.3974609375,0.0286474609375,0.3232877711306265,0.611083984375,-0.837158203125,-20.71590909090909,137.1895830993562,253.9921875,-256.0,6.611347853535354,81.54191725504862,178.9609375,-232.484375,-9.464883207070708,91.59452728735606,237.9296875,-172.1875,0
0.04626906061746988,0.81299757138541,3.535400390625,-0.984619140625,-0.7521001976656626,1.19460887158197,3.12158203125,-5.88134765625,-0.1606004094503012,1.0910552803097953,3.71728515625,-7.001220703125,13.786490091463415,137.8048977962474,253.9921875,-256.0,-9.261051829268293,73.58760419072594,224.28125,-246.9375,-17.002858231707318,104.88320188952247,225.328125,-256.0,0
0.2928466796875,1.385496898015424,8.0,-1.908447265625,-0.6617236328125,1.5228311884183634,3.86181640625,-8.0,0.0655615234375,1.594346866075323,8.0,-3.990478515625,8.73019255050505,161.77991704866236,253.9921875,-256.0,-3.6515940656565657,91.81391004171122,253.9921875,-256.0,-23.8041351010101,105.23282025837989,253.9921875,-256.0,0
-0.0027669270833333335,1.102775201466175,4.32177734375,-1.506591796875,-0.7706675588348766,1.3621119212573607,2.03466796875,-7.8623046875,0.06349766107253087,1.1328656318176538,4.795654296875,-1.4501953125,21.8919921875,151.33190935054503,253.9921875,-256.0,-15.4150390625,71.68061099088987,246.234375,-191.796875,-15.96142578125,111.07342477175611,235.8671875,-256.0,0
0.46593994140625,0.64650603058839,1.48779296875,-0.879638671875,-0.62496337890625,0.47377842802117265,0.076416015625,-2.2841796875,0.1517333984375,0.3307574704091397,1.2265625,-0.567626953125,9.108585858585858,65.92041929479713,216.3203125,-256.0,10.144097222222221,55.97467757918476,182.71875,-151.0859375,-3.7219065656565657,104.12525551097714,253.9921875,-256.0,0
0.547294921875,0.6147722496716108,2.41552734375,-0.85009765625,-0.645166015625,0.677054587903306,0.578857421875,-3.275146484375,-0.0108447265625,0.3247431697244639,0.704833984375,-1.086669921875,26.81100063131313,113.04604649488184,253.9921875,-256.0,18.974352904040405,83.33259953246113,253.9921875,-153.28125,-0.11008522727272728,104.99943010853696,253.9921875,-256.0,0
0.67926025390625,0.612644601194066,2.5498046875,-1.168701171875,-0.6469970703125,0.6496998823085934,0.914306640625,-3.099853515625,0.1097509765625,0.42017748968049873,1.515869140625,-0.998779296875,15.744239267676768,107.8451640058373,253.9921875,-256.0,4.928819444444445,84.47327672645281,224.3515625,-255.3671875,-0.07433712121212122,109.49497182951697,253.9921875,-256.0,0
0.045419921875,0.7742835978459967,1.1494140625,-0.836181640625,-0.5430224609375,0.2520884555947782,-0.149169921875,-1.43505859375,0.17531494140625,0.4031656349682956,0.5927734375,-0.923095703125,-6.788983585858586,42.504048907613104,95.4921875,-215.0546875,23.830018939393938,68.5082544914779,253.265625,-49.921875,21.005445075757574,64.72349224278844,253.9921875,-36.0390625,0
0.0289794921875,0.7818937537081017,1.322265625,-0.843505859375,-0.48822021484375,0.26446819262494864,-0.096435546875,-1.282958984375,0.09235595703125,0.4916518433614088,0.643310546875,-1.235107421875,-9.069681186868687,72.4894871145754,152.5703125,-256.0,17.711647727272727,83.61119818356134,253.9921875,-153.3828125,14.652856691919192,47.032412149242056,151.515625,-80.578125,0
0.71900146484375,0.17261517568651638,1.212158203125,0.30419921875,-0.704140625,0.2329824549777705,1.025390625,-1.216552734375,-0.21564697265625,0.2160969401308198,0.39013671875,-1.212890625,-21.989109848484848,63.19405388367086,124.703125,-256.0,-3.4741161616161618,58.29600750532648,192.3203125,-207.7421875,3.8312026515151514,45.41137700913129,190.1171875,-139.9140625,0
0.5512548828125,0.5322202269234793,1.556640625,-0.506591796875,-0.65169677734375,0.30272591142206123,0.0107421875,-2.146484375,-0.185888671875,0.3341612569429741,0.31591796875,-1.074462890625,-24.147017045454547,81.66069222258507,108.4765625,-256.0,-16.394491792929294,59.42135328220773,186.4921875,-165.546875,-5.989109848484849,75.86194655631256,254.671875,-127.1015625,0
0.5299409906914894,0.25572465438939745,0.906005859375,-0.066162109375,-0.8291379238696809,0.26556122138876287,-0.2431640625,-1.7783203125,0.23803191489361702,0.19923434549756647,1.08642578125,-0.146484375,-12.931871639784946,62.22151097063375,253.9921875,-186.078125,3.5396505376344085,45.30125641517333,130.171875,-101.296875,-5.434643817204301,47.34466254167726,64.453125,-191.2734375,0
0.47285256926546393,0.40741263525084953,1.508544921875,-0.44482421875,-0.7881060728092784,0.3441077030482809,0.2919921875,-1.8681640625,0.23904387483891754,0.3215995796473637,1.859130859375,-0.377685546875,1.7786458333333333,96.38620865827399,236.625,-236.7109375,-5.656087239583333,60.88794433267858,119.65625,-165.3203125,-2.6825358072916665,73.03394584044716,151.1875,-181.90625,0
0.8091650390625,0.14405026472849222,1.318603515625,0.492431640625,-0.60481689453125,0.16620982600735856,-0.055908203125,-0.826171875,0.1360986328125,0.18455990206307424,0.381103515625,-0.387451171875,7.802556818181818,49.71820023693417,253.9921875,-129.9921875,2.2514204545454546,32.27222740056483,104.8984375,-78.1015625,1.3775252525252526,20.42490484365182,50.515625,-56.921875,0
0.7224462890625,0.19513497797877105,1.10791015625,0.276123046875,-0.649306640625,0.2470042513740166,-0.132568359375,-1.222900390625,0.0656201171875,0.17579973447462824,0.33837890625,-0.3828125,-9.766256313131313,42.40920353187103,103.0234375,-234.78125,-0.7043087121212122,29.853067569392266,96.3984375,-60.2421875,-7.6875,32.07920819650076,133.59375,-77.1796875,0
0.76677490234375,0.18136491189515405,1.319091796875,0.48583984375,-0.69140869140625,0.19936607596476463,-0.237548828125,-1.121337890625,0.07385498046875,0.23188017347121956,1.064208984375,-0.50390625,16.618844696969695,55.72749424742846,253.9921875,-79.1015625,-0.0685763888888889,36.75782952491373,99.1796875,-101.0234375,-6.027935606060606,34.44563693584074,63.078125,-123.2734375,0
0.61174560546875,0.4616341157274502,1.76025390625,-0.573486328125,-0.7080126953125,0.2118482270668756,-0.294921875,-1.35302734375,0.01385009765625,0.1463718678255771,0.305419921875,-0.441162109375,-5.030460858585859,59.357584318840104,202.3203125,-123.1328125,-5.3787089646464645,48.067811894801515,139.859375,-83.578125,-6.35613952020202,73.9648165406416,253.9921875,-141.859375,0
0.772265625,0.2939391561985097,1.622314453125,0.229248046875,-0.6986083984375,0.21734940099877165,-0.279296875,-1.455078125,-0.04108642578125,0.15611851040460475,0.48046875,-0.326171875,5.452020202020202,62.711110050198656,182.7734375,-244.4296875,2.565419823232323,42.34049397614001,107.359375,-78.6875,-9.2338226010101,89.59426173797718,222.2578125,-193.90625,0
0.61798828125,0.4391556910109052,1.365966796875,-0.275390625,-0.7545849609375,0.21230095792159864,-0.25390625,-1.294921875,0.02336181640625,0.12137783908666437,0.264404296875,-0.3193359375,-7.18292297979798,69.02371784345974,226.9453125,-174.1328125,-3.8530618686868685,50.45567348697769,177.796875,-75.515625,-1.0885416666666667,77.40920928745287,220.5078125,-161.859375,0
-0.17275634765625,1.3123172296219079,8.0,-1.322509765625,0.07555419921875,0.6094419173202925,2.215576171875,-1.5029296875,0.37392333984375,1.4266176541478646,8.0,-1.55419921875,1.4442866161616161,116.49355556366652,253.9921875,-256.0,-8.66595643939394,139.56633168348642,253.9921875,-256.0,5.643702651515151,99.82082754557395,253.9921875,-256.0,0
-0.6019580078125,0.8027706335042074,3.77490234375,-1.31396484375,0.0211474609375,0.5704583143932166,1.274169921875,-1.8564453125,0.61343994140625,1.9391286552434461,8.0,-2.265869140625,-22.58933080808081,114.63024983860886,253.9921875,-256.0,-0.8686079545454546,152.16157082286924,253.9921875,-256.0,1.0998263888888888,71.85620975559173,123.71875,-242.5390625,0
-0.095982666015625,0.4688039869515914,2.0,-0.4647216796875,0.02070556640625,0.3050282038337343,1.034912109375,-1.08465576171875,0.0837799072265625,0.8149027822848665,2.0,-1.04229736328125,-25.19247159090909,169.20720873915351,253.9921875,-256.0,43.19894255050505,208.00189691347924,253.9921875,-256.0,2.326467803030303,82.98385940624124,177.6953125,-256.0,0
-0.942529296875,0.15281577124341453,-0.619384765625,-1.4189453125,-0.151630859375,0.10776263579340234,0.265869140625,-0.34375,0.27485595703125,0.1326489987991961,0.781005859375,-0.002197265625,-6.8630839646464645,50.76288546311609,145.75,-172.59375,0.38099747474747475,24.0969983064405,43.9375,-88.0234375,-3.03125,14.342640431133104,30.2109375,-36.7890625,0
-0.97597900390625,0.1346966106006419,-0.669921875,-1.382568359375,-0.174375,0.08204324630939545,0.055419921875,-0.414306640625,0.180830078125,0.1317513015002365,0.40576171875,-0.138671875,-1.7620738636363635,42.793129674003914,168.7578125,-119.375,-2.741003787878788,14.55576908184195,26.359375,-65.265625,-1.1805555555555556,14.224109770045608,46.171875,-37.0390625,0
-0.9577001953125,0.15518912705587476,-0.52294921875,-1.39404296875,-0.08391845703125,0.13530971152007096,0.577880859375,-0.39013671875,0.21646240234375,0.16424573077789256,0.736572265625,-0.32666015625,-3.4231376262626263,30.896792694106452,125.15625,-106.7578125,1.5063920454545454,16.275932361891925,42.2578125,-41.265625,-2.5056818181818183,13.666292999107112,43.4296875,-41.421875,0
0.24897216796875,0.8493772211775602,1.483154296875,-0.940185546875,-0.25630859375,0.29618635862170395,0.545166015625,-1.184326171875,0.3408056640625,0.2677496830860902,1.08642578125,-0.208251953125,1.9683554292929293,65.01103003162264,136.21875,-216.6640625,-26.189078282828284,66.56722063937258,73.3125,-256.0,10.456281565656566,59.734529689673444,149.1875,-132.734375,0
0.0971120811370482,0.8209037268197226,1.263671875,-0.94775390625,-0.04275402390813253,0.4055891351882163,0.570068359375,-0.84521484375,0.31192053369728917,0.268734018067158,0.960205078125,-0.092529296875,-26.984470274390244,55.94200480020655,59.9375,-181.1484375,27.993997713414632,46.78015363633987,160.2890625,-26.6015625,-16.454744664634145,47.04013050315374,66.046875,-165.3125,0
0.1792018159906915,0.8036646446076254,1.283935546875,-0.9169921875,-0.16431702958776595,0.5062340949010907,0.62646484375,-1.262451171875,0.2706220910904255,0.23480084117509076,0.967041015625,-0.1220703125,-33.227318548387096,63.969656878849634,73.5625,-245.8984375,18.1591061827957,44.53237207345507,177.3828125,-46.9453125,-14.790658602150538,45.923593041576495,56.5,-163.4140625,0
-0.920048828125,1.7024697471092953,0.759521484375,-6.0107421875,-0.22333984375,0.24765288293517138,0.7041015625,-0.882080078125,0.250576171875,0.42104387645465574,1.45703125,-0.9736328125,-4.178661616161616,81.76254563656295,167.234375,-225.3984375,-4.822285353535354,62.958481848913934,228.984375,-80.8203125,-2.485085227272727,66.8250679627669,105.96875,-256.0,0
-0.9909326171875,1.7722477068534435,0.833251953125,-6.576904296875,-0.18493408203125,0.43410290009632263,0.906494140625,-1.710693359375,0.31213134765625,0.4922486094670201,1.587158203125,-1.828125,-3.043087121212121,112.57509807003136,253.9921875,-256.0,0.9957386363636364,69.92909132384617,204.953125,-90.390625,-6.454782196969697,86.52180380703327,148.390625,-237.796875,0
-0.96938232421875,1.6654400316974958,0.82470703125,-5.66552734375,-0.18692626953125,0.3690242464798263,1.003662109375,-0.99755859375,0.32976318359375,0.521115429034085,1.69580078125,-1.811767578125,-6.239425505050505,108.26291239526681,230.7109375,-256.0,-0.1283933080808081,68.71861200025145,241.578125,-162.2890625,-2.870975378787879,70.24590412400461,123.4296875,-199.4296875,0
-0.59946044921875,1.3209489662493088,1.173828125,-5.725830078125,-0.853203125,1.4746818126868704,1.287353515625,-6.38916015625,0.22087890625,0.603987310656774,1.960693359375,-3.168701171875,6.771859217171717,137.6157005931026,253.9921875,-256.0,-31.424952651515152,111.46092090252003,237.7265625,-256.0,-1.0684185606060606,169.87258259517364,253.9921875,-256.0,0
-0.4085009765625,1.0261158861932855,1.072998046875,-3.90380859375,-0.95979248046875,1.3828236404638297,1.369140625,-5.070068359375,0.21713134765625,0.32695511147136036,1.4169921875,-0.44921875,-1.777462121212121,106.89471731585081,253.9921875,-220.984375,3.5337752525252526,97.73529736273049,220.796875,-203.7734375,13.0150726010101,140.00688265993085,253.9921875,-256.0,0
-0.534599609375,1.0391366522466199,1.158935546875,-3.928466796875,-0.85448486328125,1.2944861858100671,0.712890625,-5.827392578125,0.3677099609375,0.4723691021030434,1.742431640625,-0.462646484375,-15.698232323232324,113.01126995625471,253.9921875,-256.0,-7.501025883838384,83.51308145031591,201.671875,-196.8125,18.00820707070707,137.68573834772005,253.9921875,-256.0,0
-0.46900634765625,0.4989411603133195,0.397216796875,-1.943603515625,-0.03294921875,0.18820093403036156,0.456298828125,-0.862060546875,0.698525390625,0.4204086955436115,1.793701171875,-0.266845703125,6.5048926767676765,78.04719480767788,253.9921875,-256.0,17.271543560606062,59.28126130559272,211.5390625,-119.7421875,-10.008838383838384,40.784137001100795,68.2109375,-186.671875,0
-0.9180999755859375,0.21847973184641525,-0.364013671875,-1.642578125,-0.18427734375,0.34740846011402515,1.926025390625,-0.91162109375,0.3192352294921875,0.2789573785355484,1.42333984375,-0.40185546875,-5.655557753164557,113.3022820132991,253.9921875,-256.0,4.321598101265823,60.583592842977836,231.1953125,-177.1328125,3.4622231012658227,57.99866755380405,161.2109375,-155.9296875,0
-0.4295849609375,0.5135451037025598,0.361083984375,-1.665283203125,0.0539013671875,0.24337117414205442,0.566162109375,-0.578125,0.7097119140625,0.3951189539554499,1.633056640625,-0.2119140625,8.059343434343434,77.34023480462686,248.875,-256.0,15.486032196969697,68.05362828635437,165.6875,-209.03125,-15.51751893939394,50.67512105942001,77.2734375,-256.0,0
0.9018721907106164,0.3215335378910295,1.898193359375,0.141845703125,-0.4582452643407534,0.27478821858683866,0.1650390625,-1.601806640625,0.1228328339041096,0.24306486876937847,0.637939453125,-0.3779296875,-3.168664383561644,99.79686646144233,220.734375,-256.0,-2.127033390410959,48.17217632676839,144.5625,-156.0234375,14.946917808219178,88.86912724116374,253.9921875,-256.0,0
0.47346923828125,0.5111491765808959,1.40625,-0.702392578125,-0.71425537109375,0.2777722448935755,0.070068359375,-1.8818359375,0.09088623046875,0.368319419813637,0.9560546875,-0.894775390625,-8.909564393939394,87.0668064436257,245.90625,-240.6328125,8.939315025252526,43.53064961146741,104.03125,-218.5390625,-15.886916035353535,60.775158307528685,220.8125,-130.8359375,0
0.2962686727335165,0.745576184514507,1.549560546875,-0.7607421875,-0.591566148695055,0.3083163550705411,0.17626953125,-1.525634765625,0.21422400841346154,0.3145863678480552,0.861328125,-0.47021484375,14.437152777777778,85.7428026736277,253.9921875,-197.4296875,-0.9025173611111111,36.820591872256294,104.9375,-106.4609375,-14.54279513888889,80.92260505194275,126.109375,-256.0,0
0.6643846299913194,0.2498321228709143,1.09130859375,0.2109375,-0.0934719509548611,0.37338871476614605,0.94091796875,-1.0458984375,0.63800048828125,0.34724785120739166,1.1533203125,0.11279296875,-19.556888204225352,49.13029846936421,70.28125,-161.1171875,13.018705985915492,44.97869279735024,197.4140625,-59.3828125,-18.170224471830984,34.81616911832443,41.5234375,-135.25,0
0.529052734375,0.34692713443409284,1.572998046875,-0.66796875,-0.49650822129360467,0.30931280654344245,0.583251953125,-1.152587890625,0.6193450218023255,0.3400025859178356,1.542236328125,0.039794921875,-13.576011029411765,82.55697498911589,232.0625,-256.0,11.8109375,21.72454359617979,77.265625,-57.3203125,-0.18998161764705881,56.65316064642935,127.421875,-175.6953125,0
0.52561767578125,0.31114201793474755,1.254150390625,-0.09423828125,-0.3674609375,0.4155705154960897,0.650390625,-1.364990234375,0.64149169921875,0.3300395575117945,1.8330078125,0.035400390625,0.07623106060606061,65.60792933761992,253.9921875,-132.7890625,5.978693181818182,54.333072827742384,178.21875,-107.3125,-9.375631313131313,72.84944993295292,146.375,-246.875,0
-0.577626953125,0.467537557959815,0.341552734375,-1.13818359375,-0.31121337890625,0.20978663633737357,0.269287109375,-1.134765625,0.62552490234375,0.3057485979080023,1.46484375,0.163330078125,3.3117108585858586,62.50057372778562,205.8203125,-168.421875,-3.967566287878788,58.41431695046551,143.2265625,-144.09375,-2.1990214646464645,72.57337891389685,253.9921875,-201.8046875,0
-0.4067578125,0.5279109494873961,0.58251953125,-1.17333984375,-0.28375244140625,0.20976637621697114,0.406005859375,-0.816650390625,0.70505615234375,0.36898762448907496,1.656982421875,0.162353515625,-7.681818181818182,77.08589698575693,253.9921875,-232.125,2.6192392676767677,68.93222381525152,154.109375,-198.328125,-11.295849116161616,29.868550335459677,47.015625,-86.7109375,0
-0.3972900390625,0.5488628992759268,0.578369140625,-1.33740234375,-0.23906982421875,0.24418058963670622,0.538818359375,-1.01513671875,0.6971435546875,0.3842880856322552,1.81982421875,0.050048828125,-5.283065025252525,59.129944761337676,134.8046875,-256.0,-6.131155303030303,60.399197593989115,164.1953125,-188.546875,4.837989267676767,43.291031948879045,127.953125,-81.765625,0
-0.9596923828125,0.2871120852387891,-0.29248046875,-1.615478515625,-0.274033203125,0.2290923792566876,0.28271484375,-1.253173828125,0.34948486328125,0.16906414988377275,0.76318359375,0.078857421875,5.86813446969697,102.81836583545096,253.9921875,-235.71875,0.028488005050505052,86.378806362248,210.2734375,-168.3125,-4.274068813131313,96.58080552640479,167.8125,-250.328125,0
-0.98001708984375,0.2823212004915538,-0.42236328125,-2.030029296875,-0.24459716796875,0.20948038909083735,0.247802734375,-1.023681640625,0.32144775390625,0.17660280079988624,0.889404296875,-0.165771484375,-38.83846275252525,81.087748074839,244.2109375,-256.4296875,0.641729797979798,78.5994194471913,212.8203125,-162.78125,2.521780303030303,93.50437371315259,186.9921875,-256.0,0
-0.9198686079545455,0.2864993745258553,-0.466796875,-1.742431640625,-0.31815518465909093,0.3143469788505412,0.33251953125,-1.6279296875,0.3085138494318182,0.2282087068179099,0.8076171875,-0.0185546875,0.042045454545454546,116.8073068985533,253.9921875,-196.890625,8.438494318181819,76.40106173786866,198.5234375,-141.2734375,14.821875,76.50612326601448,157.15625,-194.5078125,0
0.2356849588373656,1.1888943921714974,6.624755859375,-1.835205078125,0.7746713289650538,0.6489036964414828,3.859375,0.125,-0.04422095514112903,1.6599695113841506,8.0,-3.297119140625,-9.506368885869565,111.05719368650742,253.9921875,-256.0,-5.129585597826087,123.88606277358056,253.9921875,-256.0,22.127122961956523,75.82432819421075,254.25,-188.9609375,0
0.2491268382352941,1.240030848248147,8.0,-2.2109375,0.6209099264705882,0.758875024283745,4.459716796875,-0.025390625,-0.1824419806985294,1.4122226167755638,8.0,-1.87939453125,-15.596261160714286,95.23782838161867,253.9921875,-256.0,0.21419270833333334,112.6282107447946,253.9921875,-256.0,22.270089285714285,76.0070844736193,253.9921875,-149.21875,0
0.2458522066156915,1.1375977376156468,7.16845703125,-2.10693359375,0.752303752493351,1.0354751258457715,6.322265625,-0.19921875,-0.3701613405917553,1.1612673222061491,8.0,-3.010986328125,-2.450184811827957,101.14549148395463,253.9921875,-256.0,8.39742943548387,121.69892564139798,253.9921875,-256.0,-8.071572580645162,109.88533449456399,253.75,-256.0,0
0.84098388671875,0.12519219431215034,1.32373046875,0.678955078125,0.572998046875,0.11112962124873517,0.76416015625,0.100341796875,0.0163720703125,0.11588615010347332,0.2138671875,-0.249267578125,-1.6000631313131313,28.805635356825725,122.0546875,-73.7734375,2.185921717171717,8.40112341651006,31.3125,-18.3984375,1.5044191919191918,20.592409558418804,62.2265625,-54.921875,0
0.886591796875,0.1521377284696984,1.306884765625,0.49951171875,0.46563720703125,0.18500588141899782,1.573486328125,0.194091796875,0.12835205078125,0.15484422722135693,0.50927734375,-0.2529296875,-5.543402777777778,41.08003506236334,161.3203125,-100.828125,-1.4266887626262625,13.00860883102684,64.109375,-34.96875,-1.8932291666666667,16.213338346769543,52.515625,-44.4375,0
0.88403076171875,0.12172366549809616,1.616455078125,0.6123046875,0.45702880859375,0.1064574600147824,0.7001953125,0.185302734375,0.1619140625,0.1033959614767469,0.334716796875,-0.19970703125,-8.544823232323232,27.20473071681996,38.96875,-167.7421875,-0.6081912878787878,11.021720039215975,22.3125,-42.546875,0.11339962121212122,16.44534121136273,47.125,-50.1171875,0
0.92419677734375,0.13527710861437206,1.432861328125,0.541015625,0.399208984375,0.13328401998702613,0.988037109375,-0.101318359375,0.1463623046875,0.19138814256615158,1.48779296875,-0.350341796875,-5.221906565656566,50.7402773459683,222.6953125,-183.125,0.5791508838383839,15.775138816932746,110.4765625,-44.28125,-5.313525883838384,19.020955614631106,29.2421875,-75.4765625,0
0.364873046875,0.7729222266896059,1.468505859375,-0.841064453125,0.19392822265625,0.29341511011270555,1.06201171875,-0.274169921875,0.28432861328125,0.39963618198097606,1.152099609375,-0.259521484375,-31.105508207070706,46.95865821462782,40.4375,-177.1640625,-8.122948232323232,19.74725506383983,36.0703125,-67.7578125,-22.295849116161616,63.15041138827994,64.6640625,-188.3984375,0
-0.034795055650684935,0.7920346656147242,1.06494140625,-0.82421875,0.19204837328767124,0.44715863822014845,1.651123046875,-0.32568359375,0.4937861194349315,0.2629908236249066,1.081787109375,0.098876953125,20.65549045138889,37.82167900293406,127.296875,-26.453125,8.435980902777779,20.512797948866986,70.5625,-76.3359375,30.1328125,81.22627316154798,253.9921875,-97.4453125,0
0.55507568359375,0.781987246053716,1.510009765625,-0.983642578125,0.2117529296875,0.46706698368063837,1.71826171875,-0.810791015625,0.1160888671875,0.2623824685239163,0.884765625,-0.36279296875,-3.777225378787879,87.7209999966399,235.9921875,-256.0,8.788589015151516,41.82585265345033,126.0390625,-150.4609375,-5.526594065656566,105.29745566501742,253.9921875,-256.0,0
-0.024617513020833332,0.803272035286156,1.205322265625,-0.88037109375,0.0965237087673611,0.42030191952892143,1.4189453125,-0.4619140625,0.4807230631510417,0.25647873025202506,0.894287109375,0.031982421875,25.875330105633804,57.038058563967695,198.9296875,-108.453125,13.650088028169014,23.522567449837865,66.1875,-22.3125,25.213358274647888,81.71802394943664,253.9921875,-94.9140625,0
0.96556640625,0.9111544400934516,3.491455078125,-0.561279296875,0.2777294921875,0.1968333129950095,0.736572265625,-0.94873046875,0.0159228515625,0.1882521344224718,0.776123046875,-0.672607421875,1.4779829545454546,44.99420312761325,177.359375,-116.125,1.6493055555555556,38.18397524067172,130.578125,-107.6328125,0.39851641414141414,28.931604796395625,105.0625,-95.109375,0
0.852607421875,0.9225640466988636,3.080810546875,-0.57421875,0.547783203125,0.7167137177421457,2.5537109375,-0.446533203125,-0.00237060546875,0.20892552281898907,0.455078125,-0.502685546875,-0.23863636363636365,71.88328290232771,226.109375,-256.0,-4.298926767676767,38.991253596412264,70.34375,-129.7734375,3.031486742424242,42.96050750912179,168.375,-106.125,0
0.940224609375,1.0465090426406545,3.630126953125,-0.72900390625,0.4303662109375,0.3956105681584853,1.781982421875,-0.583984375,-0.03812255859375,0.37374220571237016,1.25390625,-1.418212890625,-2.154671717171717,78.0784776569772,253.9921875,-256.375,1.4653566919191918,54.98340277278852,253.9921875,-203.96875,-4.832149621212121,67.65377579015178,148.3515625,-256.0,0
1.13926025390625,1.1341894450397771,4.057861328125,-0.97509765625,0.72822509765625,0.9899932909115645,3.429931640625,-2.33154296875,-0.28494873046875,0.5568444926053948,1.0791015625,-2.2021484375,24.87847222222222,138.9346804158968,253.9921875,-256.0,-26.534327651515152,109.22639947491322,253.9921875,-226.1015625,25.18426452020202,175.3989713480646,253.9921875,-256.0,0
0.88524658203125,1.0872519815675339,4.9208984375,-1.60009765625,0.7155615234375,1.3534393737452344,5.182373046875,-3.168212890625,-0.14906494140625,0.8409338892381112,0.922119140625,-4.69091796875,-3.112421875,124.43544789661506,253.9921875,-256.0,-29.905390625,108.58806280012702,253.9921875,-256.0,7.34609375,135.35601214051414,253.9921875,-256.0,0
0.72012939453125,1.165119639101946,3.60498046875,-1.200927734375,0.78641845703125,1.2977015111586914,4.40185546875,-2.109375,-0.36561279296875,0.7765217594804263,1.009765625,-3.394287109375,1.9740372474747474,145.040332182504,253.9921875,-256.0,-25.57323232323232,115.39590524818112,211.3125,-256.0,-9.602351641414142,145.0413997722161,253.9921875,-256.0,0
0.4118408203125,0.6715551302449111,1.352294921875,-0.73681640625,0.41541259765625,0.39664711222397453,2.116455078125,-0.89013671875,0.35383056640625,0.3997752575946675,2.26171875,-0.536865234375,-3.4889520202020203,68.62434743705073,195.7578125,-181.7578125,-11.472616792929292,56.815748413120694,107.484375,-144.1171875,-11.441840277777779,49.250762862782835,97.59375,-140.4765625,0
0.5337451171875,0.5609158265541044,2.16015625,-0.43212890625,0.37075439453125,0.3248333685272492,1.0517578125,-0.75439453125,0.382998046875,0.47491211720661713,1.22412109375,-1.10595703125,-12.94357638888889,86.5198839824213,215.953125,-256.0,-12.244318181818182,69.32234708462707,150.1484375,-256.0,16.963383838383837,46.18425150695222,140.4921875,-93.9296875,0
0.4325146484375,0.6221862926116984,1.378662109375,-0.876708984375,0.42078857421875,0.46510468460159543,2.61767578125,-0.700927734375,0.306796875,0.39919802844472324,2.337158203125,-0.486572265625,-20.45578125,61.13369537321747,160.71875,-204.4140625,-22.864765625,63.856295570622365,64.9609375,-256.0,-0.202421875,38.13280627520885,63.8828125,-151.140625,0
0.84389892578125,0.22572208116310735,1.392578125,0.266357421875,0.51964599609375,0.2886294930386317,1.362060546875,-0.06787109375,0.06271484375,0.19287404591292864,0.639892578125,-0.537841796875,9.320391414141413,73.3598796915539,253.9921875,-147.546875,-4.017045454545454,45.845282941595364,139.7265625,-127.1640625,-11.686631944444445,62.86429507267324,88.7578125,-206.578125,0
0.384404296875,0.7375593181612914,1.833984375,-0.90185546875,0.46779296875,0.33269922841575683,1.12939453125,-0.0791015625,0.15798095703125,0.26889689244685633,0.8125,-0.51416015625,-12.007023358585858,72.22968333531404,185.2421875,-234.3125,-5.263573232323233,31.765694376553345,55.5,-98.0078125,-17.34035669191919,83.64469563645005,144.6953125,-256.078125,0
0.126865234375,0.8629574271196054,1.53369140625,-0.95166015625,0.27082763671875,0.31655626615654436,1.591552734375,-0.077880859375,0.28470947265625,0.2224693505870773,0.763916015625,-0.194580078125,-7.799952651515151,63.921849101825885,145.7421875,-206.5859375,-4.260969065656566,22.25320230156971,38.0078125,-83.046875,-24.71227904040404,69.65980435625335,66.1796875,-256.0,0
0.579287109375,0.3624942633076263,1.421630859375,-0.12744140625,0.62927734375,0.30475287783596255,1.432861328125,-0.175048828125,0.130185546875,0.4012481425589949,1.216796875,-0.706298828125,13.556344696969697,115.48276744162085,253.9921875,-256.0,8.79363952020202,35.73325096493723,81.0859375,-61.9921875,-3.1425189393939394,59.9079126292534,131.5625,-134.4375,0
0.5575823102678571,0.36610683963271745,1.35546875,-0.19091796875,0.70037841796875,0.3397493463592186,1.703857421875,-0.128662109375,0.1790219261532738,0.29590510964069805,0.859130859375,-0.378173828125,-2.6178385416666665,89.24674813717519,253.9921875,-253.6640625,11.919642857142858,37.19552276536068,93.6953125,-78.5859375,4.2140997023809526,58.17113404684933,212.484375,-109.0546875,0
0.62615478515625,0.5046759445887101,2.77392578125,-0.28955078125,0.3317333984375,0.36926011601630176,1.233642578125,-0.8974609375,0.3799267578125,0.4555572481107801,1.725830078125,-0.266357421875,-11.011758207070708,71.73188297647529,239.1328125,-252.4609375,15.382496843434344,49.76529453719179,130.53125,-155.9921875,14.557054924242424,74.530899562936,225.3046875,-104.8046875,0
0.48043212890625,0.5118202497559617,1.636474609375,-0.2060546875,0.41166015625,0.4146104961040112,2.87353515625,-0.6611328125,0.4561376953125,0.44089390985998556,1.38720703125,-0.376953125,-7.504340277777778,68.75102713361066,182.3671875,-215.6875,-4.366319444444445,50.629146109380365,162.8828125,-194.125,-21.342724116161616,62.4301222140494,82.1953125,-225.2578125,0
0.599658203125,0.4866827166155564,2.03271484375,-0.176025390625,0.2869677734375,0.3923224200820275,0.95458984375,-1.374267578125,0.41759033203125,0.3819024746574555,1.07080078125,-0.21826171875,7.189946338383838,63.41654404352357,232.25,-157.0390625,9.23303345959596,35.054283175523025,106.4453125,-58.09375,10.069049873737374,45.30404954437733,120.96875,-81.28125,0
0.8777416711566092,0.38409468372995126,1.630126953125,-0.12060546875,0.45866446659482757,0.29591139004857275,1.652099609375,-0.34814453125,0.2629871587643678,0.25161320740214027,0.910888671875,-0.228515625,-12.724654796511627,106.37866318007825,253.9921875,-256.0,10.863190406976743,75.70814828137922,204.640625,-153.7265625,-10.081122819767442,114.07058452583681,211.4921875,-256.0,0
0.898466796875,0.3239124170536054,1.974365234375,-0.0,0.40877197265625,0.2010625599412529,0.97119140625,-0.20751953125,0.17759033203125,0.27692252630621983,1.143310546875,-0.83837890625,15.956439393939394,71.34503479819975,205.8046875,-150.96875,-13.816919191919192,57.620211492524064,72.78125,-223.65625,5.169507575757576,63.6576087213465,135.8671875,-136.671875,0
0.4348295235339506,1.0155568623274098,3.443115234375,-0.9658203125,0.2555067274305556,0.34364251019958647,1.75146484375,-0.43505859375,0.16622661072530864,0.27227306992100975,0.824462890625,-0.765380859375,-18.92275390625,101.58825767120013,253.9921875,-256.0,2.040625,44.56909581832448,153.5546875,-109.8203125,-25.32900390625,90.3530654057355,154.25,-256.1015625,0
0.37250732421875,0.38990930727693873,0.9443359375,-1.527587890625,0.092080078125,0.3009798295464465,1.082763671875,-0.5810546875,0.868564453125,0.7861638279984172,5.4365234375,-1.002685546875,-4.732402146464646,51.23998983833339,85.4296875,-136.203125,2.276199494949495,64.3391337433984,156.171875,-81.2734375,-4.202256944444445,20.297932048020275,56.3671875,-97.953125,0
0.32900634765625,0.43848595405835034,0.7578125,-1.416259765625,0.091982421875,0.3205561462445016,1.1357421875,-0.44189453125,1.01940673828125,0.7430497876365801,3.83935546875,-1.3388671875,-8.84698547979798,49.05773006183696,74.2109375,-109.578125,0.7140940656565656,57.38699818567698,138.46875,-76.75,-5.12176452020202,15.156366255952724,28.734375,-58.625,0
0.21339599609375,0.5461119011685229,0.766357421875,-1.567626953125,0.268173828125,0.4477563826863768,1.282958984375,-0.6611328125,0.90356689453125,1.2885510929462392,7.43994140625,-1.778076171875,9.167534722222221,85.07270119529392,253.9921875,-159.4140625,-11.007496843434344,90.67120569545433,232.3125,-162.5078125,-17.470959595959595,43.10905267843787,66.875,-145.109375,0
-0.74867431640625,0.16903581523248906,-0.288330078125,-1.16015625,-0.568251953125,0.14107146415572036,-0.265869140625,-0.935546875,-0.1354833984375,0.2771562266206231,0.599609375,-0.685791015625,-0.2619949494949495,58.895067907035134,204.2734375,-89.046875,1.7760416666666667,24.35870341064513,59.71875,-89.2578125,-0.28267045454545453,23.016999590890354,66.84375,-71.828125,0
-0.628359375,0.18530451675382084,-0.38232421875,-1.079345703125,-0.64917236328125,0.16391076289928985,-0.28759765625,-1.366943359375,-0.22046630859375,0.179241830043073,0.259521484375,-0.618408203125,-1.7557607323232323,30.21369500374294,83.1171875,-78.859375,6.754971590909091,13.466770933947421,55.734375,-32.59375,1.0767045454545454,24.69939926687124,74.359375,-72.0234375,0
-0.3247705078125,0.4881613422350668,0.927734375,-1.056884765625,-0.72285400390625,0.33343021698588826,0.072509765625,-1.78857421875,-0.11492431640625,0.3197492734361705,0.483642578125,-0.63818359375,-2.302951388888889,53.72811810913249,205.90625,-131.75,-5.071417297979798,24.555356980825884,33.5703125,-109.828125,-1.0516098484848484,91.76350551218533,253.9921875,-256.0,0
0.2332763671875,0.6250229048398136,0.947998046875,-0.8876953125,0.16948968010979729,0.4885543728246093,1.002685546875,-0.51611328125,0.5664722339527027,0.2903977265040251,1.33447265625,0.185546875,5.926904965753424,89.47348300497912,253.9921875,-164.9609375,-18.870826198630137,65.27893411011293,53.5,-252.5859375,-18.175192636986303,56.398903122968335,70.6953125,-185.5703125,0
0.2007012850996377,0.7015810126287677,1.04833984375,-1.144775390625,0.3241585994112319,0.3320925199124681,1.332763671875,-0.307373046875,0.5861462579257246,0.19602665586380724,1.137451171875,0.293701171875,-8.701976102941176,65.30541933555618,180.0703125,-169.0625,-24.70358455882353,54.851773720616976,49.90625,-187.1640625,-27.330882352941178,70.80118553719137,94.5,-250.796875,0
0.2487595016891892,0.6644243570573467,0.958740234375,-0.81982421875,0.2701811919341216,0.4458857090287135,1.396728515625,-0.32666015625,0.4252071896114865,0.2627270467562627,1.135009765625,-0.006591796875,13.129922945205479,72.3306777904427,249.828125,-193.71875,-18.95173373287671,51.48392324370057,21.2578125,-208.1875,-28.064533390410958,59.81911310207575,79.2421875,-213.6640625,0
-0.8825390625,1.0971081386929447,0.57861328125,-3.183837890625,-0.42698486328125,0.4956519955057503,0.36572265625,-1.89208984375,0.052578125,0.1848957289861107,0.552734375,-0.318603515625,4.806502525252525,71.2752514843058,161.3203125,-234.0859375,-2.994949494949495,47.81999989549296,94.3828125,-173.5234375,-2.0188604797979797,56.67968758168893,99.6171875,-141.0625,0
-0.9367019881063433,1.2517522796639917,0.68505859375,-3.674560546875,-0.5117588327891791,0.38217234726690563,0.173095703125,-1.585693359375,0.11575909514925373,0.22840169098743388,0.61279296875,-0.4287109375,-11.967803030303031,90.97808091720442,246.328125,-224.6328125,2.8340435606060606,62.47374306502914,129.140625,-163.765625,-5.234730113636363,67.90428195382232,101.421875,-212.6875,0
-0.40263916015625,0.8973638247775662,0.814208984375,-3.5166015625,-0.93467529296875,1.1525140158112355,0.341552734375,-3.785888671875,0.00916748046875,0.21721019591982943,0.5537109375,-0.81005859375,-0.039765625,86.31564442514507,253.9921875,-247.5234375,1.270625,55.58201963221995,164.5703125,-221.0,4.0453125,80.31810483999166,155.1796875,-256.0,0
0.26410888671875,0.5068042456154281,1.62939453125,-1.08349609375,-1.08728271484375,1.0587743015354605,0.3115234375,-4.58154296875,-0.16720947265625,0.43204341946478486,0.529541015625,-2.253662109375,3.1459911616161618,123.40123847880373,253.9921875,-256.0,-8.3978851010101,124.06368737014515,253.9921875,-256.0,-4.325284090909091,113.92595687180248,253.9921875,-256.0,0
-0.035498046875,0.7187724134848107,1.23095703125,-2.252197265625,-1.16784912109375,1.4390870486701488,0.312744140625,-5.865966796875,-0.5211865234375,0.7760209922869903,0.37548828125,-3.347900390625,8.926530934343434,141.20569855784612,253.9921875,-256.0,-31.093513257575758,154.32332141919565,253.9921875,-256.0,2.9912405303030303,147.4450534573932,253.9921875,-256.0,0
0.0628271484375,0.6859958486744192,1.30419921875,-2.07470703125,-0.99500732421875,1.3789118825024775,0.57861328125,-5.353271484375,-0.73895263671875,1.0707471526737329,0.582275390625,-4.94921875,18.646780303030305,144.84625570352927,253.9921875,-256.0,-1.3787089646464648,173.47513199215123,254.1796875,-256.0,2.0271464646464645,108.09014317311726,253.9921875,-256.0,0
-0.35467041015625,0.5676698696971179,0.8203125,-1.006591796875,-0.62596435546875,0.36883735167653287,-0.094482421875,-2.41259765625,0.1467138671875,0.31355071205364893,0.767333984375,-0.884033203125,-38.73074494949495,64.02153702102551,141.2578125,-249.71875,10.803109217171718,28.54994060831836,80.1640625,-56.875,28.70825441919192,39.89073685146779,115.359375,-48.4765625,0
0.06560546875,0.706959374145448,1.309814453125,-1.016845703125,-0.59013916015625,0.288112442700772,0.1142578125,-1.470703125,0.1500537109375,0.40180189333902083,1.041259765625,-0.816650390625,9.01010101010101,62.696514488545894,143.71875,-139.1796875,15.885574494949495,53.680870530802814,176.59375,-104.9140625,17.21835542929293,49.96518618102937,123.53125,-112.6484375,0
-0.895986328125,0.051290243212204496,-0.722412109375,-1.0380859375,-0.42482666015625,0.05576959712663268,-0.278076171875,-0.583740234375,0.04859375,0.07941583379073248,0.279052734375,-0.153564453125,-1.0687342171717171,26.190994589287754,102.6171875,-39.4296875,-0.9333175505050505,12.575851739545818,17.6484375,-60.1953125,-1.171875,11.855925045665858,22.375,-35.59375,0
-0.28020263671875,0.6066441722355955,0.590087890625,-1.035888671875,-0.5656396484375,0.30705849139863733,-0.164794921875,-1.41357421875,0.19364013671875,0.45488355201670905,1.068115234375,-0.6611328125,-39.5675,62.47544213349266,148.65625,-224.2109375,25.258046875,26.86995116217675,91.796875,-34.8671875,20.69234375,35.418588906972744,174.65625,-49.53125,0
-0.00376708984375,0.7547527231776657,0.906005859375,-1.265869140625,-0.255537109375,0.3980699989258168,0.36181640625,-2.0107421875,0.4553662109375,0.3394269195731069,0.9423828125,-0.341552734375,2.0031565656565657,68.7565050056792,253.9921875,-256.0,-0.5303819444444444,49.383786643568435,137.6484375,-143.09375,-26.90333017676768,46.93218763474011,95.6328125,-141.6796875,0
-0.00554443359375,0.8122503427431095,0.96630859375,-1.20751953125,0.33404052734375,0.4046377922592646,1.207763671875,-0.213134765625,0.31636962890625,0.20956814916797117,0.563720703125,-0.322265625,-10.312578914141413,43.41968148493041,121.0625,-134.5234375,1.6657986111111112,30.081091954783172,130.5,-90.046875,30.530460858585858,60.23850610570543,217.875,-46.75,0
-0.42068447155898875,0.4442394928732954,0.15576171875,-1.02734375,0.5484358541081461,0.2538418321136922,1.146728515625,-0.09033203125,0.5457969408356742,0.1807293555716327,0.8427734375,0.115966796875,-18.660600142045453,41.12332901030599,76.859375,-109.6796875,-11.247691761363637,25.325425498476235,35.046875,-78.875,11.779474431818182,69.83964669559084,233.8671875,-179.9140625,0
-0.01876708984375,0.8343162020528927,1.0185546875,-1.08935546875,0.36920166015625,0.29955018688589896,1.144287109375,-0.029296875,0.30578857421875,0.15309389341432916,0.773193359375,-0.197509765625,-0.3369633838383838,57.34920631620222,202.1171875,-143.3515625,-0.7474747474747475,28.72618233452692,74.890625,-84.46875,28.828125,62.53806229345943,208.46875,-24.71875,0
-0.673671875,0.24738057077543535,-0.046630859375,-1.196044921875,0.2514990234375,0.3892911109444006,1.08642578125,-0.893798828125,0.5739208984375,0.25698756761017955,1.022216796875,0.129638671875,-8.530066287878787,86.17140222475179,222.2734375,-256.0,-7.16500946969697,29.205966051098752,81.6796875,-60.1328125,-6.8678977272727275,71.50455997525893,253.9921875,-217.890625,0
-0.628203125,0.2949367014814926,-0.05322265625,-1.22607421875,0.4148583984375,0.2372806254177346,1.2001953125,-0.087890625,0.52335693359375,0.29687409662811964,1.02587890625,-0.02783203125,21.475299873737374,87.16849017469656,253.9921875,-256.0,11.33057133838384,38.26433648738522,157.0234375,-52.9296875,2.7133049242424243,48.57119034626021,169.59375,-78.9140625,0
-0.5798412721548507,0.24258806631581029,-0.118896484375,-0.944580078125,0.10118717933768656,0.4000543467774812,0.85986328125,-0.92138671875,0.6814037721548507,0.26532813160916824,1.193359375,0.290283203125,16.50875946969697,94.94418831762003,253.9921875,-256.0,-12.52142518939394,36.88283003404457,27.3828125,-115.171875,-17.926609848484848,24.73647377083927,28.546875,-71.7890625,0
-0.53927978515625,0.36765419523748727,0.33642578125,-1.3125,-0.54785400390625,0.20349941224228899,-0.23095703125,-1.392578125,0.44048583984375,0.3637877231304131,1.11083984375,-0.1826171875,7.636758207070707,42.00424210158844,133.46875,-87.9296875,3.9139046717171717,24.069783389844932,61.421875,-63.515625,-11.863478535353535,36.435717186161746,89.4609375,-150.953125,0
-0.32216796875,0.46212518943883857,0.302001953125,-1.344970703125,-0.653251953125,0.2161827312427669,-0.005615234375,-1.37158203125,0.4761328125,0.3411408815835038,0.9931640625,-0.14599609375,3.3975694444444446,43.60663491496086,136.78125,-182.9921875,7.699573863636363,30.291726447992318,132.53125,-46.4453125,-13.589094065656566,31.695136142240433,56.1640625,-137.0625,0
-0.22263671875,0.43594740535735294,0.39453125,-1.189208984375,-0.50712890625,0.3345765477906094,1.2763671875,-1.49609375,0.59642578125,0.41707575286521065,1.075439453125,-0.230712890625,-3.4025410353535355,67.72123861153418,195.3828125,-256.0,8.669349747474747,53.772120276124966,210.546875,-139.9765625,-4.569128787878788,53.12690553766997,122.0625,-144.4296875,0
-0.90531005859375,0.1807635566374808,-0.5830078125,-1.391845703125,-0.45380126953125,0.12622991994708682,-0.05419921875,-0.75048828125,0.0628076171875,0.09404496913537246,0.3984375,-0.16357421875,-2.1072443181818183,72.4593439130065,198.2578125,-256.1484375,-3.752919823232323,27.383599583194624,47.578125,-87.6484375,-4.670691287878788,61.8812579173534,120.453125,-161.453125,0
-0.95275634765625,0.15949880800653815,-0.622314453125,-1.45556640625,-0.338955078125,0.2903384827154626,0.605224609375,-1.43798828125,0.03316650390625,0.20503739706428825,0.607177734375,-0.4130859375,-3.84546875,96.40041318673507,236.328125,-256.0,-0.135,49.9857248308478,211.6484375,-88.0,0.196875,63.16206524169158,154.9609375,-176.34375,0
-0.69188720703125,0.35572349802511505,-0.098876953125,-1.47119140625,-0.68400390625,0.2450589050792037,-0.296142578125,-1.256103515625,0.06517578125,0.18353702698067068,0.383544921875,-0.367919921875,-3.0459280303030303,56.49628688986459,206.796875,-167.1015625,-8.351167929292929,49.73581462764352,110.5546875,-208.7890625,-14.197285353535353,99.86225683311787,213.2421875,-244.359375,0
-0.6917080349392362,0.4594741705828739,0.27490234375,-1.705810546875,-0.3879326714409722,0.2331037269140543,0.265625,-1.308837890625,-0.15144856770833334,0.36148223797907764,0.31396484375,-0.899169921875,26.436289612676056,117.6471158289417,253.9921875,-256.0,2.371148767605634,60.10199659432421,157.8984375,-71.5,-10.079665492957746,90.52688410072467,127.421875,-256.0,0
0.03345287805316092,0.9226849585498398,1.4033203125,-3.99609375,-0.4073388110632184,0.45268507689912324,1.371337890625,-1.341796875,0.39806707974137934,1.3618566575019573,6.1259765625,-1.801025390625,-5.768986191860465,65.25863257842552,156.4453125,-152.2578125,10.932140261627907,110.82475240472246,253.9921875,-256.0,-22.19558502906977,76.18011790566543,110.1328125,-256.0,0
-0.62316162109375,0.7988726133572941,5.716796875,-3.27392578125,-0.46254150390625,0.40089169778801864,0.650634765625,-1.865478515625,0.49794189453125,1.5300655475515363,8.0,-1.776123046875,1.5439551767676767,46.548072889939576,87.1953125,-117.265625,2.819839015151515,150.30590598337642,253.9921875,-256.0,3.334122474747475,28.796054628677645,71.5546875,-43.9140625,0
-0.3789892578125,1.0195925693239138,3.71142578125,-2.943115234375,-0.542421875,0.5632913132190571,1.51171875,-2.19775390625,0.63826171875,1.805510742174559,7.34228515625,-1.9091796875,-18.33727904040404,72.08503927016444,137.234375,-256.0,16.916035353535353,148.0545979791789,253.9921875,-256.0,-20.87823547979798,72.10212079260236,76.0234375,-256.0,0
0.99537353515625,0.113515306250485,1.33740234375,0.78759765625,0.16150634765625,0.06171711260398149,0.3203125,-0.01611328125,0.20308837890625,0.12227208117419575,0.63134765625,-0.00048828125,-4.1078756313131315,20.08718308861957,63.9921875,-48.84375,0.0501104797979798,15.532503327102223,34.515625,-48.3046875,-1.746054292929293,12.855757403166217,38.9296875,-28.4765625,0
0.98161865234375,0.11812702850840441,1.266845703125,0.68408203125,0.1719873046875,0.03491165557779809,0.2529296875,0.05517578125,0.17114990234375,0.11948014434651683,0.390869140625,-0.14501953125,-2.176373106060606,34.63885567076998,130.0625,-82.796875,-0.35890151515151514,15.441266086157587,42.3046875,-32.296875,0.05618686868686869,10.663813624253901,26.65625,-32.40625,0
0.97755126953125,0.14104497873492258,1.37939453125,0.615966796875,0.1943212890625,0.05685209399907063,0.415771484375,0.084716796875,0.22016357421875,0.09967288095433352,0.452880859375,-0.01806640625,-3.3154987373737375,34.45877938214151,115.0546875,-154.125,0.8160511363636364,14.976449985084123,32.9609375,-41.7890625,-0.7865372474747475,10.514811779333352,32.3515625,-28.109375,0
0.35553346197289154,0.7778493345622696,1.659912109375,-0.892578125,-0.39485186841114456,0.3934836955948875,0.394287109375,-1.76611328125,0.3325989504894578,0.3010562006129523,1.796875,-0.013916015625,12.773913871951219,62.68264432490285,218.6796875,-97.0234375,8.804115853658537,75.16073254401837,253.9921875,-95.3125,-6.905297256097561,98.3597021439413,253.9921875,-217.2109375,0
0.5604624807098766,0.7038469186787141,2.2021484375,-0.709716796875,-0.48503508391203703,0.3756096077279978,0.130859375,-1.7109375,0.1718086902006173,0.2568324764751673,0.8701171875,-0.640380859375,7.9451171875,63.9053644614948,147.2734375,-256.0,8.2576171875,61.86075947552778,206.59375,-110.5546875,0.26455078125,97.09690493194364,230.6640625,-256.0,0
0.33994140625,0.7100059690190974,1.40087890625,-0.883056640625,-0.5860626220703125,0.45264772732010905,0.07470703125,-1.504150390625,0.1818023681640625,0.26728163099420676,1.13330078125,-0.279052734375,11.03125,44.9311353966384,134.640625,-94.921875,4.9112935126582276,49.06430105334105,146.515625,-99.75,-9.258010284810126,90.28217679896883,121.046875,-256.0,0
0.93259521484375,0.8960233353683773,3.3017578125,-0.27880859375,0.31271728515625,0.3613291013879729,1.8857421875,-0.14453125,0.3883056640625,0.211445873970824,0.965087890625,0.095458984375,-4.765230429292929,54.002062772761526,214.890625,-165.28125,1.0639993686868687,48.92854300069045,102.5078125,-148.328125,-5.4296875,63.10925374681057,112.9921875,-182.59375,0
0.96409423828125,1.15727181944351,3.433349609375,-0.21923828125,0.323759765625,0.38790688269159534,1.3671875,-0.633544921875,0.37396484375,0.2693935786166592,1.117431640625,-0.01904296875,-6.717724116161616,81.13309349880019,189.8515625,-222.0625,1.5442708333333333,54.0330785041947,115.2421875,-117.3515625,-4.155697601010101,78.31911000261191,184.2421875,-216.5859375,0
0.8193608498086735,0.9048277411050689,3.759521484375,-0.272705078125,0.4954809072066326,0.46001050456470427,1.810791015625,-0.19873046875,0.19041972257653061,0.4468207502071707,0.999755859375,-1.64990234375,5.740012886597938,122.00733925803158,253.9921875,-256.0,-1.325708762886598,81.85616865620675,243.3359375,-180.59375,-4.544297680412371,139.73025358711618,253.9921875,-256.0,0
-0.12424560546875,0.25816778750855596,0.4560546875,-0.967041015625,0.02822509765625,0.19534420486992843,0.523681640625,-0.470458984375,1.0118701171875,0.20652732059009435,1.947265625,0.512939453125,-5.7146875,44.4603209311931,148.6484375,-210.1640625,7.161015625,43.95454612569633,94.296875,-156.6328125,-2.191640625,35.03191845466094,73.2265625,-100.8203125,0
-0.09178955078125,0.5711778888795385,1.256103515625,-1.514404296875,-0.0395703125,0.19802653094955525,0.21337890625,-0.890869140625,0.81788330078125,0.4349084465306889,2.514892578125,-0.135986328125,-6.311158459595959,44.61771432637684,106.28125,-256.0,21.52383207070707,77.98256906409372,170.578125,-248.4296875,-7.181739267676767,39.544928360436344,65.4375,-134.6171875,0
0.47150146484375,0.6131963817941564,2.36865234375,-0.6630859375,-0.02731201171875,0.2539069722209342,0.562255859375,-1.04931640625,0.55479736328125,0.5709044233981255,2.121826171875,-0.5126953125,-0.06376262626262626,86.62441365560427,253.9921875,-256.0,13.98019255050505,60.59551411961994,181.203125,-180.9375,-9.95067866161616,60.56508267942963,253.9921875,-256.0,0
-0.00739013671875,0.743453453036313,1.1474609375,-0.8427734375,-0.1625341796875,0.5675523489489697,0.51220703125,-1.55224609375,0.3614404296875,0.3189900325111806,1.055908203125,-0.46826171875,-14.089330808080808,96.90071872147787,243.4609375,-256.0,6.307528409090909,26.587566517046948,93.796875,-47.046875,-29.335069444444443,66.92358559728076,63.375,-256.0,0
0.00367431640625,0.7496879948888293,1.50341796875,-0.87548828125,-0.13350830078125,0.5743214619178391,0.529296875,-1.637451171875,0.3662109375,0.24634720118368786,0.952392578125,-0.05908203125,-20.062026515151516,83.38079662944017,141.6171875,-256.0,10.569839015151516,43.83878823612177,138.9296875,-82.6171875,-29.495817550505052,65.57968504758222,33.203125,-256.0,0
0.1253515625,0.7924771197593189,1.21630859375,-0.780029296875,0.0216552734375,0.578470330586978,0.703125,-1.49072265625,0.2177587890625,0.18816969426149055,0.69921875,-0.025634765625,18.49621212121212,79.08933806170597,253.9921875,-200.0234375,-14.72900883838384,41.79482024129086,52.796875,-192.1640625,25.111426767676768,61.73368405884295,253.9921875,-54.765625,0
0.6654369212962963,0.4587425457712049,1.900634765625,-0.332763671875,-0.49861955054012347,0.35924332922325874,0.216064453125,-2.355712890625,0.4898817274305556,0.38695997446610964,1.6220703125,-0.083984375,9.41767578125,63.37076087565605,153.265625,-142.15625,6.3216796875,68.0580726916857,154.5859375,-256.0,1.182421875,88.21826295497279,251.7265625,-193.078125,0
0.6139684606481481,0.3330807990021369,1.30712890625,-0.081787109375,-0.3810402199074074,0.4166360716320831,0.719970703125,-1.317138671875,0.5137140721450617,0.36692518677948144,1.575927734375,-0.460205078125,-9.918788580246913,102.6655656696201,253.9921875,-256.0,7.852527006172839,55.61031024852326,119.828125,-175.25,4.619309413580247,61.909119643802796,131.484375,-166.0078125,0
0.9146337890625,0.27192907391949456,1.717041015625,0.357177734375,-0.0921240234375,0.4133676957291706,0.995361328125,-1.3046875,0.344921875,0.32326046065112823,1.023193359375,-0.3837890625,-5.641966540404041,130.9868212263024,253.9921875,-256.0,10.08822601010101,66.19189660913239,159.8125,-166.9453125,-12.476089015151516,82.26815545070504,250.21875,-182.796875,0
0.66293212890625,0.3792856714183143,1.34130859375,0.0947265625,0.14689453125,0.21642970396669095,0.630859375,-0.456298828125,0.5079541015625,0.47905084587100527,1.189697265625,-0.543212890625,-8.358428030303031,78.09150967206818,219.0390625,-256.0,-11.69949494949495,58.72650085322228,100.1796875,-184.7734375,-3.230587121212121,40.25877463249697,86.0703125,-85.953125,0
0.71701904296875,0.41031263163318255,1.76904296875,-0.0205078125,0.1470947265625,0.2893250062159161,0.819091796875,-0.767578125,0.47118896484375,0.43064217993401316,1.541015625,-0.685546875,-7.07449494949495,65.45818286678396,232.234375,-180.25,-12.224195075757576,65.83913749465339,113.4375,-161.8984375,-2.0860953282828283,56.43480228203376,153.2890625,-126.9609375,0
0.21864013671875,0.44098788850803355,1.225830078125,-0.46533203125,0.46117431640625,0.2877114647230595,1.491455078125,-0.273681640625,0.7337646484375,0.3116173304345803,1.5859375,0.160888671875,3.7815656565656566,70.81233304658689,210.015625,-235.1640625,11.282433712121213,37.69036168003429,128.6640625,-76.296875,5.9512310606060606,24.702825740661833,56.6015625,-68.0,0
0.99661376953125,0.24260677261858374,1.561767578125,0.485107421875,0.2204345703125,0.12491343123173695,0.584716796875,-0.09033203125,0.3112060546875,0.1533433000376451,0.708984375,0.040283203125,-20.961726641414142,84.37528132475481,161.921875,-256.0,0.37965593434343436,47.98932792266521,109.65625,-102.703125,-6.765861742424242,74.03813066238592,131.4921875,-198.4296875,0
0.984697265625,0.20602813948868592,1.604736328125,0.621337890625,0.22269775390625,0.12482226636897013,0.62353515625,-0.193359375,0.304814453125,0.15971929155323975,0.760009765625,-0.126220703125,-3.9865056818181817,87.64054023878609,202.9140625,-256.0,2.53259154040404,44.50127516055588,94.671875,-87.84375,4.498816287878788,72.46691174648647,118.265625,-190.6015625,0
0.98192138671875,0.2549253754137258,1.794921875,0.363037109375,0.22302490234375,0.12735112406437138,0.5146484375,-0.1259765625,0.32341796875,0.1516938341702007,0.8271484375,0.057861328125,-19.291171875,100.44137595983943,222.015625,-249.109375,3.4553125,52.59672412119646,127.9140625,-132.15625,0.113359375,77.74291124216394,139.546875,-232.8046875,0
0.99075439453125,0.17377751213201229,1.49755859375,0.483642578125,0.07957275390625,0.12441416432902001,0.284912109375,-0.320068359375,0.25090576171875,0.15108097821274608,0.753662109375,0.0478515625,-2.2753314393939394,81.62160354030208,220.4375,-256.0,-0.42542613636363635,32.67254071141893,127.6796875,-71.921875,0.18592171717171718,30.940417692465697,90.984375,-80.5625,0
0.3303601495150862,0.34047627954552084,1.247314453125,-0.709228515625,0.8068132071659483,0.3614491085315949,2.0146484375,-0.200439453125,0.3103448275862069,0.3060679313236842,0.95947265625,-0.53125,3.295093201754386,107.68452234376724,253.9921875,-256.1953125,12.916118421052632,82.58867904594904,203.328125,-193.53125,-5.50219298245614,75.24321482384151,216.984375,-176.796875,0
0.8253076171875,0.2666936547262225,1.59033203125,0.171630859375,0.397041015625,0.28850163681782415,2.257568359375,-0.0478515625,0.30809814453125,0.38633343769890943,2.533935546875,-0.302734375,-24.18087121212121,97.93751480183698,253.9921875,-256.0,16.00820707070707,34.87789059454681,107.9296875,-99.5234375,-0.2774621212121212,41.14339595838132,138.1328125,-139.2890625,0
0.9688296110733695,0.23138902955367666,1.99658203125,0.4189453125,0.29347560716711957,0.3306679569650661,1.44140625,-1.46142578125,0.06479810631793478,0.3236917178764954,1.85009765625,-0.635009765625,-15.760645604395604,149.17012336032613,253.9921875,-256.0,-9.173763736263735,55.34544912323297,116.90625,-163.375,5.779790521978022,78.93058491707558,157.59375,-182.28125,0
0.13392578125,0.8092835093452441,1.44580078125,-1.967041015625,0.497724609375,0.3032386112260234,2.103271484375,-0.33154296875,0.5054736328125,1.1942753630279246,8.0,-0.77001953125,1.8304924242424243,55.088544805339595,253.9921875,-197.5625,-5.328519570707071,96.14424671235908,253.0546875,-256.140625,-19.696969696969695,46.54957013888026,23.7734375,-194.6640625,0
0.16395263671875,0.8924690239169674,1.2109375,-2.578857421875,0.45857666015625,0.341220269174388,1.95458984375,-0.1533203125,0.50166748046875,1.040541742365013,6.797607421875,-0.70849609375,-12.44113005050505,64.3381214806766,237.1640625,-202.6875,11.256628787878787,93.11024857613361,253.9921875,-120.7265625,11.944286616161616,62.46745571617769,253.9921875,-89.2890625,0
0.29660888671875,0.7339190866445346,1.22265625,-1.61279296875,0.46978515625,0.21948360895465968,1.444580078125,-0.0244140625,0.57130859375,1.111223434413909,8.0,-1.0625,0.4386837121212121,42.909345693016334,177.2109375,-148.671875,-4.89291351010101,85.62156720385549,253.9921875,-107.484375,-22.944602272727273,56.11448966124906,30.5390625,-215.171875,0
-0.901494140625,0.0892127157599144,-0.66162109375,-1.1337890625,-0.04321044921875,0.14055689325934764,0.280029296875,-0.217041015625,0.384130859375,0.16085204661249827,0.893310546875,0.16943359375,-5.788667929292929,31.173766891798095,74.890625,-72.5,1.1189236111111112,16.94311418764556,44.59375,-34.0546875,-0.08625315656565656,10.738132638009343,32.5390625,-38.0078125,0
-0.9033154296875,0.10286277017403765,-0.56201171875,-1.23876953125,-0.00837158203125,0.2270294882882558,1.124755859375,-0.2763671875,0.37009033203125,0.18801260145735124,1.059814453125,0.006591796875,-8.499368686868687,38.74369802911482,193.6171875,-97.0,-4.412720959595959,18.11881330134855,72.4140625,-62.875,-2.067629419191919,18.87419213059785,69.8984375,-64.3046875,0
-0.83279541015625,0.2486573108311521,-0.293212890625,-1.563232421875,-0.36914306640625,0.35149411785954565,0.267333984375,-0.96533203125,0.15959228515625,0.09162738945123473,0.307373046875,-0.296630859375,-19.0692077020202,77.6992472245871,253.9921875,-256.0,10.616556186868687,50.322833415651026,253.9921875,-125.4140625,2.517834595959596,30.72301297527486,116.2734375,-169.1484375,0
-0.89255859375,0.41486939989237126,-0.34619140625,-2.18359375,-0.15637939453125,0.1738527377587763,0.21728515625,-0.578369140625,0.3243359375,0.15610870259162782,0.92724609375,0.02734375,16.751262626262626,99.21101412857254,253.9921875,-217.640625,0.8974905303030303,50.366181139074264,128.6875,-108.71875,-13.955097853535353,47.05088785726214,76.3671875,-139.03125,0
-0.9858154296875,0.5536405450658677,-0.304931640625,-3.19091796875,-0.1481982421875,0.17510377320701725,0.2890625,-0.66796875,0.27239013671875,0.18139742181671778,0.598876953125,-0.673828125,0.22522095959595959,79.12987685772055,253.9921875,-160.234375,-0.6216856060606061,44.153453947853386,117.3984375,-80.890625,3.5171243686868685,39.05419870247722,120.2109375,-107.859375,0
-0.9043706849563954,0.3852707447808488,-0.413330078125,-2.1953125,-0.17128168150436046,0.11758500063058798,0.2548828125,-0.3974609375,0.2659543059593023,0.07979621765959044,0.589111328125,0.158935546875,-2.757169117647059,43.891376585934836,110.8046875,-110.6796875,4.0510110294117645,28.451602852719823,100.0390625,-50.359375,-0.8897058823529411,26.441390900683714,70.03125,-66.4609375,0
-1.00948486328125,0.28871029480718224,-0.430419921875,-1.652099609375,-0.06251708984375,0.1272363748534958,0.21044921875,-0.4384765625,0.32551513671875,0.12746253854048256,0.64013671875,0.04345703125,18.836253156565657,67.57060306855406,149.453125,-139.609375,11.085542929292929,71.25802441001292,186.3671875,-123.3203125,-4.422743055555555,29.357813178489597,72.390625,-79.5234375,0
-0.962392578125,0.24014209971191353,-0.41796875,-1.60693359375,-0.1483642578125,0.13550387313276252,0.271240234375,-0.40087890625,0.3233056640625,0.18050461654624048,0.75732421875,-0.065185546875,19.93686868686869,52.72449655742219,187.7421875,-95.1953125,-8.938210227272727,37.97257188403907,119.9453125,-96.6640625,0.04316603535353535,24.953914730370332,58.0625,-53.5,0
-0.9325634765625,0.2157737925661328,-0.5126953125,-1.717041015625,-0.17011474609375,0.12264227475288618,0.1728515625,-0.51611328125,0.28331787109375,0.16976618667067242,0.63818359375,-0.270263671875,9.972064393939394,75.80949321799312,253.9921875,-186.046875,-1.087042297979798,31.438901538234102,79.2890625,-84.3203125,-4.187026515151516,27.619486346675988,66.2109375,-78.5390625,0
-0.07220736416903409,0.7869849404564574,0.90380859375,-1.020263671875,0.259307861328125,0.2925449075430849,1.21826171875,-0.10498046875,0.4856345436789773,0.2524796586851091,0.89599609375,0.111083984375,2.2771192528735633,52.83653486331504,189.5703125,-104.203125,-11.578125,30.177207004106528,28.3671875,-99.5390625,-29.271012931034484,54.85537698072033,68.7578125,-205.5703125,0
-0.12351318359375,0.8146976351610534,0.96484375,-1.22119140625,0.22418212890625,0.3133885594608167,1.26171875,-0.299560546875,0.43223388671875,0.19200216600753495,0.8046875,0.09814453125,-33.55429292929293,41.36274724767792,39.8125,-187.984375,6.854324494949495,28.04941810312473,94.21875,-38.734375,17.047743055555557,73.7080071249783,253.9921875,-93.0703125,0
-0.06793212890625,0.8103566652046754,0.971435546875,-1.0908203125,0.28329345703125,0.31621099716855117,1.031494140625,-0.42626953125,0.4190869140625,0.20955940546697044,1.281982421875,0.0439453125,-43.25418244949495,55.680572299240936,137.9375,-194.2109375,9.979955808080808,32.78011785894936,110.921875,-47.6875,7.985795454545454,75.6967287782361,216.046875,-114.4609375,0
-0.9244482421875,0.8284543001103961,1.20458984375,-4.23388671875,-0.22310302734375,0.321846725657162,0.402099609375,-2.354736328125,0.26377685546875,0.24890738682747693,0.81396484375,-1.514892578125,-5.223484848484849,36.628556145291256,86.875,-133.3359375,-2.4550189393939394,49.15900079438543,126.1328125,-256.0,-5.168481691919192,56.39085064678025,134.5859375,-183.703125,0
-0.872421875,1.3431411940111841,1.2744140625,-6.87841796875,-0.19114990234375,0.40846223538106474,0.349609375,-1.88623046875,0.3457421875,0.7181454543544787,3.783203125,-2.239990234375,-6.671006944444445,75.52805652898795,218.6484375,-193.203125,-2.628945707070707,71.41612324969313,253.9921875,-205.875,-12.870580808080808,73.44577171877827,253.9921875,-256.0,0
-0.77994873046875,1.260469690237171,1.151611328125,-5.794677734375,-0.40396728515625,0.7046811083442449,0.739990234375,-4.848876953125,0.30432373046875,0.4849414177729084,3.6376953125,-1.153564453125,-4.773042929292929,104.04695633980245,253.9921875,-228.1875,6.94854797979798,79.02110774318302,253.9921875,-224.375,-4.303109217171717,82.21524541442328,253.9921875,-192.796875,0
-0.07696403341090426,0.42355038011587054,1.214599609375,-1.01953125,0.8630241231715425,0.2718023936190334,1.7880859375,-0.012451171875,0.11061648105053191,0.3364217075524036,2.423583984375,-0.38330078125,-0.4994959677419355,73.11528056750946,253.9921875,-256.0,-8.54091061827957,65.17394424048754,139.4765625,-256.0,12.825940860215054,45.77778347672352,116.9765625,-90.984375,0
-0.1378271484375,0.5409856314707743,1.459228515625,-1.27978515625,0.61788818359375,0.5504606817262188,1.772216796875,-1.09423828125,0.2268994140625,0.3537295892643544,1.734375,-0.5234375,-27.88131313131313,88.48609612588518,253.9921875,-256.0,-11.53353851010101,49.67228136337673,124.953125,-144.828125,19.67069128787879,66.31687879410322,221.0625,-171.234375,0
-0.28417236328125,0.5919038928420863,1.847900390625,-1.62451171875,0.6613330078125,0.520885580801737,1.678955078125,-1.0341796875,0.1612548828125,0.4341422870982413,1.73486328125,-0.774658203125,-10.982323232323232,96.00686539775232,253.9921875,-256.5703125,-10.035274621212121,47.71805159393194,146.484375,-144.078125,17.971906565656564,79.0521537174517,231.515625,-165.0703125,0
-0.70681884765625,0.5326370931108378,0.736328125,-1.998291015625,0.195341796875,0.6721781071601196,1.5244140625,-1.874267578125,0.06631103515625,0.29169935748387843,0.790771484375,-0.924072265625,-2.203046085858586,86.378732763047,253.9921875,-256.0,2.546164772727273,57.86337641480291,218.671875,-203.3515625,18.529040404040405,73.09654752734335,253.9921875,-232.8203125,0
-0.80509765625,0.30290747413871966,0.523193359375,-1.354248046875,0.45672607421875,0.19450810114689765,1.088623046875,0.15966796875,0.1569287109375,0.09252196966061993,0.3935546875,-0.12744140625,-4.465593434343434,54.25272095726405,166.453125,-256.0,3.379024621212121,20.117014987235834,53.4765625,-57.6328125,23.059974747474747,56.336174945905434,190.890625,-24.2890625,0
-0.897470703125,0.14602235455055557,-0.14404296875,-1.2978515625,0.35348876953125,0.1419900755797354,0.69775390625,0.14697265625,0.0595947265625,0.09971221103346586,0.3857421875,-0.19970703125,-4.02075441919192,34.30272624801279,186.9609375,-111.328125,1.4287405303030303,10.54062971383372,51.8671875,-24.125,-5.662642045454546,22.162753183750787,31.1796875,-104.9453125,0
-0.866732728247549,0.15700425267400162,-0.474853515625,-1.2685546875,0.4467917049632353,0.15700937688894298,0.711669921875,-0.001220703125,0.19762465533088236,0.1650663901145012,0.61279296875,-0.076904296875,-11.38796875,66.09726260631261,208.203125,-173.046875,7.96515625,18.38864290840124,93.3828125,-19.609375,0.21546875,40.35829726862682,154.421875,-81.3515625,0
-0.71802490234375,0.2743389930104106,-0.28955078125,-1.62744140625,0.1388232421875,0.13617463214685216,0.640625,-0.203369140625,0.5549365234375,0.32412172079873297,1.086669921875,0.046142578125,-8.242818813131313,28.632819415521364,49.421875,-95.2734375,11.858506944444445,43.74818638704748,228.4140625,-43.0,-0.8003472222222222,31.88436301055171,152.6328125,-39.8984375,0
-0.75191650390625,0.27014813221769934,-0.06494140625,-1.8271484375,-0.0117578125,0.39074101322893423,0.76806640625,-0.947265625,0.54241455078125,0.27236643443397274,1.4541015625,0.06884765625,-16.491714015151516,82.60154014846529,170.5859375,-241.5078125,13.091619318181818,50.60808235107319,253.9921875,-82.09375,17.466382575757574,40.83820333063935,193.859375,-29.7421875,0
-0.26666015625,0.3471648339152814,0.39599609375,-0.904541015625,0.26822509765625,0.33347027814148733,0.772705078125,-0.5439453125,0.82967041015625,0.24795073333794482,1.501708984375,0.293701171875,12.42796875,49.771172100335455,129.1875,-180.3359375,4.70984375,27.83766586647585,62.1640625,-116.5859375,-45.9440625,56.11045032038373,50.4296875,-199.7578125,0
-0.83489990234375,0.10154751813866553,-0.660888671875,-1.275390625,-0.03979736328125,0.2069377831993135,0.3173828125,-0.520751953125,0.4509326171875,0.23303369339670615,0.7451171875,-0.08203125,12.72900883838384,51.50361790010975,188.1640625,-62.6328125,-3.222537878787879,19.896894473936815,81.4921875,-50.171875,2.7239583333333335,34.002230321180846,133.2265625,-46.7421875,0
-0.8235205078125,0.14592930323516837,-0.62353515625,-1.429931640625,-0.13677490234375,0.18094797902901033,0.126220703125,-0.623046875,0.48964111328125,0.2920901544455123,0.83642578125,-0.143798828125,5.293797348484849,28.064899414986378,128.390625,-77.1328125,3.7982954545454546,19.975559362924685,88.9765625,-51.1328125,-0.19176136363636365,28.72114862938963,100.9375,-66.1484375,0
-0.81811767578125,0.16973633730783927,-0.59375,-1.527099609375,-0.11648193359375,0.234516062934157,0.466552734375,-0.57177734375,0.46692138671875,0.2455845933418993,0.84375,0.016357421875,14.235006313131313,38.71328986906371,127.421875,-106.8046875,7.750394570707071,30.95450553594162,98.1328125,-65.1328125,-1.3768939393939394,40.91505140250187,108.453125,-88.78125,0
-0.778797238372093,0.22718400273663106,-0.346435546875,-1.47119140625,-0.408203125,0.24089720205859894,0.26513671875,-1.15087890625,0.47272438226744184,0.1936681812603834,0.98291015625,-0.15283203125,-10.34733455882353,93.82950844593535,253.9921875,-256.0,0.2728860294117647,56.40239886473623,118.0546875,-199.390625,1.8615808823529412,54.535420206660916,237.546875,-90.6015625,0
-0.905335332306338,0.1900437928946069,-0.53173828125,-1.6259765625,-0.22614642935739437,0.13935347277137325,0.0751953125,-0.70849609375,0.47514579665492956,0.11634828923848332,0.780517578125,0.244384765625,-1.0127232142857143,36.37890043586848,82.796875,-92.7734375,2.4504464285714285,56.639969329421035,130.5390625,-93.9140625,2.2822544642857143,29.395803356177534,74.734375,-75.96875,0
-0.9874156605113636,0.23835975362636447,-0.56982421875,-1.714111328125,-0.2383089932528409,0.28612063179712577,0.208251953125,-2.24169921875,0.3500588156960227,0.20673861977232932,1.907470703125,0.098876953125,-3.6686422413793105,82.53985984068434,248.296875,-173.6015625,-2.247485632183908,77.32364521124946,191.0,-178.953125,9.736350574712644,32.165114390469796,122.3203125,-92.0859375,0
-0.83233642578125,0.1871168047518923,-0.286376953125,-1.031982421875,-0.2062353515625,0.10130770851867829,-0.01806640625,-0.53955078125,0.4129052734375,0.27742713130439217,1.133544921875,0.115478515625,1.1588541666666667,35.66167996532162,79.84375,-137.046875,-4.38052398989899,33.44525826381183,83.7109375,-77.140625,-0.4613320707070707,26.138823317538172,100.5546875,-50.9609375,0
-0.91667236328125,0.23079702679809433,-0.041259765625,-1.70166015625,-0.18736328125,0.18649171352130484,0.280029296875,-1.14892578125,0.299228515625,0.18247552289510247,0.989013671875,-0.132568359375,-6.9858743686868685,50.903161399573975,139.40625,-256.0,1.269570707070707,47.89326081908019,241.6875,-130.3125,-0.7793560606060606,37.72856003532405,70.4765625,-174.578125,0
-0.9624267578125,0.18406644476920134,-0.53857421875,-1.65087890625,-0.1020751953125,0.13929068242983483,0.360595703125,-0.4619140625,0.17744140625,0.1581643516215675,0.724365234375,-0.343017578125,-2.0526357323232323,45.48068876031641,134.09375,-197.2265625,0.3064236111111111,11.56462582382671,26.2421875,-28.2265625,-2.5460858585858586,15.374648029876358,43.2109375,-32.1953125,0
-0.9339208984375,0.446407377851141,-0.222412109375,-2.709716796875,-0.27014892578125,0.1454137980438682,0.0771484375,-0.66650390625,0.23259521484375,0.12949757880355603,0.710205078125,-0.196533203125,0.6175820707070707,76.85388188353117,253.9921875,-135.5703125,-1.322522095959596,21.685704089954665,54.921875,-54.859375,-3.3300189393939394,48.271195292584004,95.875,-111.3203125,0
-0.96119384765625,0.43881459602227,-0.412353515625,-2.2783203125,-0.24438720703125,0.15454490522217532,0.073974609375,-0.95849609375,0.22512451171875,0.12446200895240357,0.63525390625,-0.065673828125,-2.0984059343434343,90.26922872338949,253.9921875,-246.9296875,-4.9081439393939394,19.65560757603983,43.78125,-46.8984375,-2.5546875,37.796496379862525,62.96875,-122.2578125,0
-0.99171630859375,0.2932562559306871,-0.4169921875,-1.66650390625,-0.19010498046875,0.14691624186166435,0.269775390625,-0.4658203125,0.15935791015625,0.13858638161099335,0.504150390625,-0.215087890625,-17.44302398989899,60.35224432201774,120.9765625,-166.6875,2.7134627525252526,36.55230802927443,80.7265625,-117.3359375,6.35708648989899,86.49081524662934,180.3515625,-202.4765625,0
-0.9973927033253205,0.8609735249192029,0.868896484375,-4.115234375,-0.3989101312099359,0.8401746252459215,1.584716796875,-2.67626953125,0.2611647385817308,0.28619844346592455,0.863037109375,-0.4404296875,2.3740868506493507,86.42045253400634,253.9921875,-256.0,6.500811688311688,50.98370252598438,130.25,-166.515625,-0.4403409090909091,129.24493701651275,253.9921875,-256.0,0
-0.69922607421875,1.2169167539249464,0.516845703125,-4.599853515625,-0.233349609375,0.19483384034531634,0.436767578125,-0.78369140625,0.14688720703125,0.16270575472692936,0.503173828125,-0.28662109375,-6.702730429292929,91.53501261287289,253.9921875,-256.0,4.68844696969697,18.67123031226406,62.09375,-57.1796875,4.571732954545454,37.74722835527286,80.3125,-113.2578125,0
-0.93484619140625,1.4430772607997506,0.71435546875,-5.492431640625,-0.221259765625,0.25642072544929245,0.3408203125,-1.342041015625,0.2263525390625,0.21547727644041273,0.81396484375,-0.570068359375,-8.44357638888889,96.34274624269912,253.9921875,-256.0,-1.1142676767676767,37.19048579538398,111.671875,-141.171875,-0.9097222222222222,43.38375401268827,95.953125,-151.2890625,0
-1.0872216796875,1.6392470800874974,0.52685546875,-6.125,-0.2838720703125,0.3484533000494191,0.442138671875,-1.55810546875,0.21114990234375,0.35921230722716824,1.435546875,-1.845703125,1.0815183080808082,120.75591002298246,253.9921875,-256.0,-4.103535353535354,40.2349786402851,106.421875,-105.34375,-4.564551767676767,91.95043621835012,210.4453125,-256.0,0
-0.5733132664161392,0.5064529198735034,0.293701171875,-1.7578125,-0.3577556368670886,0.4666016244261372,0.512939453125,-1.532470703125,0.4174588360363924,0.4228894665645468,1.16455078125,-0.56982421875,-33.6953125,91.61481899149368,244.6875,-256.0,-24.907752403846153,54.78110327413674,80.125,-202.4609375,17.40635016025641,41.68356598076549,88.734375,-74.3984375,0
-0.6152734375,0.45894505722138795,0.206298828125,-1.847412109375,-0.42819091796875,0.3517057909329996,0.36572265625,-1.669677734375,0.26836669921875,0.397874649801229,1.263427734375,-0.400634765625,5.662484217171717,73.48140469407174,189.609375,-162.453125,-5.039378156565657,26.93548706304856,62.46875,-60.9921875,-23.041508838383837,45.64435367793106,56.4453125,-133.046875,0
-0.5306617093373494,0.4876007618742136,0.541259765625,-1.498046875,-0.34098209243222893,0.2948004743444766,0.281494140625,-1.135498046875,0.5142895801957831,0.3892150533627835,1.6376953125,-0.154541015625,-25.98751905487805,69.4333975580158,144.734375,-256.0,-10.397103658536585,42.769344730632845,71.8125,-103.09375,26.45188643292683,47.32806705321716,151.953125,-62.9921875,0
-0.77978759765625,0.2024345915586326,-0.34619140625,-1.085693359375,-0.48217041015625,0.19837457591854596,-0.1953125,-1.128662109375,0.3075244140625,0.17753740997720416,0.70263671875,-0.003173828125,-4.593276515151516,26.150679662272186,51.671875,-80.1484375,1.207149621212121,28.278347322727882,89.328125,-60.8046875,-4.697285353535354,24.829899246914252,56.4296875,-66.1796875,0
-0.725615234375,0.24343453627068934,-0.303955078125,-1.03466796875,-0.5064404296875,0.20108988979757525,-0.04833984375,-0.833984375,0.41043701171875,0.22021846624469518,0.755126953125,-0.0078125,-5.730350378787879,29.034417103726636,61.078125,-113.578125,4.722616792929293,26.103724291223468,89.59375,-58.34375,0.36103219696969696,24.343904542389094,64.9296875,-52.21875,0
-0.75167724609375,0.21501315468920834,-0.350830078125,-1.1416015625,-0.47084716796875,0.1839050546216724,-0.193603515625,-0.7734375,0.39833251953125,0.20145748938239394,0.802001953125,0.112060546875,0.8289141414141414,35.42226593952524,148.6484375,-101.0546875,-0.7568655303030303,28.77389205670684,83.5546875,-53.0703125,-4.0097064393939394,17.113305304869044,33.1484375,-52.0703125,0
-0.94232666015625,0.14570291986527717,-0.635009765625,-1.348388671875,-0.25976318359375,0.11591731312155805,0.197265625,-0.513916015625,0.228154296875,0.09373186241174186,0.524658203125,0.0419921875,9.418323863636363,49.45014558691038,137.8828125,-89.2890625,-4.9281881313131315,21.9844654587736,36.2890625,-51.0078125,-12.546243686868687,49.858263112781835,93.046875,-142.09375,0
-0.94367431640625,0.16786211859037417,-0.485107421875,-1.32421875,-0.3086328125,0.07000772093017775,-0.12451171875,-0.4462890625,0.218857421875,0.07314623695493239,0.342041015625,0.03759765625,-4.644491792929293,30.56990590440853,81.6484375,-74.2734375,0.34264520202020204,16.488621941510235,35.703125,-33.1640625,-2.4879261363636362,40.09812622493497,76.2265625,-94.7578125,0
-0.94281982421875,0.16988743679044613,-0.610595703125,-1.439697265625,-0.29982666015625,0.08222067692730387,-0.0869140625,-0.457763671875,0.209736328125,0.07277788772121727,0.39501953125,0.055419921875,29.62594696969697,47.437577747946165,154.984375,-73.0546875,-8.415009469696969,21.718706945557873,24.5,-70.9765625,-4.717329545454546,40.53243815703054,75.1171875,-113.34375,0
0.77868896484375,0.16390563912000541,1.149169921875,0.39453125,0.15062255859375,0.18428736196030343,0.5419921875,-0.31396484375,0.675546875,0.2546135869340602,1.431396484375,0.2216796875,-14.096906565656566,52.41502468638021,110.7109375,-196.0546875,0.06684027777777778,41.481627422110904,90.3046875,-78.78125,-2.793955176767677,29.705095288877533,74.6953125,-74.03125,0
0.8200634765625,0.1545024341990241,1.1767578125,0.483154296875,0.1332861328125,0.14999102653047355,0.486328125,-0.15380859375,0.65617431640625,0.21638508137478468,1.000244140625,0.220703125,-5.026988636363637,41.98984153026316,91.90625,-163.296875,-5.276594065656566,36.46582297459957,54.3125,-134.421875,0.86489898989899,26.96996942114891,64.484375,-81.4453125,0
-0.05535400390625,0.8184011457648872,1.071533203125,-1.337158203125,0.28106689453125,0.15619618204249042,0.778564453125,-0.200927734375,0.55905029296875,0.25388731350048843,1.618408203125,-0.14306640625,-5.429529671717172,65.36243267676099,229.7421875,-256.0,18.245344065656564,50.32457383536051,192.703125,-49.703125,14.035274621212121,35.89042009342968,131.7734375,-58.4765625,0
0.70660888671875,1.1207252932935807,3.660400390625,-0.80126953125,0.772607421875,1.217439152432751,3.87890625,-1.215087890625,-0.15484619140625,0.6542874858808828,1.408935546875,-1.980224609375,0.8709753787878788,135.09945888927248,253.9921875,-256.0,-2.9194286616161618,58.802933373473195,164.140625,-154.4375,11.266650883838384,133.82845642353456,254.890625,-256.0,0
0.6589208984375,1.0375300534158354,3.649169921875,-0.633544921875,0.69635498046875,1.091349485640108,3.475341796875,-0.79150390625,0.33924072265625,0.40516849411787415,1.682373046875,-0.39453125,-16.58984375,129.08312058853406,253.9921875,-256.0,3.1859375,42.85431958997285,134.6015625,-129.6484375,-3.37390625,37.25518728333816,78.6875,-98.4921875,0
0.112978515625,0.7443031226687034,1.827880859375,-1.787841796875,0.83588623046875,1.2175968159161004,3.947021484375,-0.924072265625,0.2446142578125,0.3721566389086475,1.464111328125,-0.50048828125,5.019176136363637,124.74121824045996,253.9921875,-256.0,-0.7846433080808081,49.685365105273746,151.6015625,-147.28125,2.599984217171717,97.56239400159181,253.9921875,-256.0,0
0.6764599609375,1.1582266107297652,4.93798828125,-1.11865234375,0.86499267578125,1.289040058978711,4.55078125,-0.902587890625,0.12960205078125,0.33886278726760544,1.072265625,-1.423828125,3.183828125,134.64930501540508,253.9921875,-256.0,10.32671875,82.22646647396412,243.9375,-162.796875,2.2903125,125.06440459334966,253.9921875,-256.0,0
0.859580078125,1.1618920899027447,4.2138671875,-0.80615234375,0.90021728515625,1.2481133916593925,4.18798828125,-0.893310546875,0.1820849609375,0.36137805223446007,1.22607421875,-0.8037109375,-13.228061868686869,143.18538710080048,253.9921875,-256.0,21.49045138888889,83.5655973636348,253.9921875,-129.2890625,-5.899305555555555,148.1639962370264,253.9921875,-256.0,0
0.5414004118546195,1.0129862850191689,4.311767578125,-0.97900390625,0.8351334281589674,1.0825684306507113,3.96630859375,-1.098388671875,0.07540495499320653,0.40237938111092914,1.060791015625,-0.772216796875,4.6486092032967035,123.47719357170851,253.9921875,-256.0,-2.5309065934065935,70.66899372836326,228.1875,-140.046875,-7.287860576923077,121.47233313213717,252.9765625,-256.0,0
0.2055224609375,0.9017000952036828,3.76171875,-1.20556640625,0.12373779296875,0.44267344385855856,1.327880859375,-0.65478515625,0.34904296875,0.40125881672617275,1.497802734375,-0.75830078125,16.075915404040405,89.08682570036144,253.9921875,-256.0,-9.699731691919192,73.86859574437247,91.2421875,-256.0,-27.177872474747474,89.15312641146113,168.125,-256.0,0
-0.59025146484375,0.2619525219631336,0.01318359375,-1.11181640625,0.11157470703125,0.35938555908447234,1.013916015625,-0.823486328125,0.55899658203125,0.5084323250390566,2.74609375,-0.46826171875,-6.030776515151516,57.19411286870559,155.4453125,-170.515625,-6.57449494949495,55.38654756340875,86.3671875,-206.4375,7.730508207070707,57.15693634583964,139.9921875,-152.5859375,0
0.26930419921875,0.8002811505993417,2.091796875,-0.90185546875,0.38203125,0.44862806145789164,1.3837890625,-1.995361328125,0.1387890625,0.4004135623669972,1.781982421875,-1.013671875,6.40261994949495,70.87843974770817,194.046875,-256.0,-10.945470328282829,64.02697714175221,152.8671875,-256.0,-14.36963383838384,64.58070527329504,143.125,-220.96875,0
0.6167718796502977,0.45148327327722365,1.72607421875,-0.065673828125,0.29009428478422616,0.297722146407422,0.806640625,-0.83544921875,0.3629644484747024,0.4524256610031449,1.075439453125,-0.661376953125,-0.3098644578313253,57.509242279032456,224.78125,-130.6796875,17.60824548192771,53.54396864690836,162.0546875,-43.109375,-1.2916980421686748,30.349212826770547,63.25,-77.9296875,0
0.6143798828125,0.4775617392056769,1.70947265625,-0.501953125,0.288388671875,0.25109751386972673,0.80517578125,-0.493408203125,0.43027099609375,0.49094918819891264,1.134521484375,-0.956298828125,-6.02075441919192,87.02191505558146,205.8046875,-256.0,-18.948074494949495,66.65243648723836,134.8671875,-181.015625,7.956912878787879,41.03625260463708,104.109375,-109.671875,0
0.57844482421875,0.493639816224835,1.895751953125,-0.483642578125,0.27,0.31296365231929835,0.814697265625,-0.978515625,0.50091552734375,0.47780094681014673,1.704833984375,-1.12060546875,5.446180555555555,81.9639715604833,197.0,-256.0,-24.023279671717173,65.84609530355324,115.84375,-198.5,18.824021464646464,35.512326168738426,98.7109375,-72.75,0
0.9492438821231618,0.14634815024113246,1.61572265625,0.662109375,0.28148696001838236,0.08877079841844626,0.539306640625,0.157958984375,0.3300314510569853,0.09238526246385809,0.59130859375,0.17333984375,-14.100513059701493,34.81667079111636,64.65625,-101.8046875,6.038013059701493,22.668657094602246,64.921875,-36.9296875,-3.115555037313433,53.75110746906149,102.9296875,-180.015625,0
0.87239501953125,0.3392853106838708,1.879638671875,0.119873046875,0.3844482421875,0.23705271086230006,1.876953125,-0.02490234375,0.50529052734375,0.25188274744343614,1.29541015625,0.0615234375,-20.847301136363637,77.21426440455167,201.1328125,-256.0,1.0131786616161615,65.07971981011848,117.2734375,-256.0,-14.325284090909092,110.03606709443237,234.8828125,-256.0,0
0.66019775390625,0.7068072627529023,1.818359375,-1.00439453125,0.55622802734375,0.3081309741893796,1.212890625,-0.317626953125,0.26772216796875,0.3019043404969208,0.89306640625,-0.97607421875,8.506628787878787,99.23001394025083,244.890625,-256.0,14.859296085858587,65.57580252429415,253.9921875,-121.0625,-1.3528251262626263,135.93203521152253,236.484375,-256.0,0
-0.23278945751404495,0.8386811099679146,1.436279296875,-1.696044921875,-0.37609726123595505,0.29641127759246405,0.542724609375,-1.325927734375,0.4031200623244382,1.1675068534095046,8.0,-1.343994140625,-12.145804073033707,85.48117109714778,207.75,-256.0,-8.808549859550562,112.26363958940308,150.125,-256.0,-24.958918539325843,78.37405782430984,63.3984375,-256.3828125,0
-0.27045166015625,0.9139667707704777,2.906982421875,-1.71826171875,-0.4345849609375,0.2547167610724483,0.4697265625,-1.114501953125,0.47059814453125,1.4592291921500746,8.0,-1.293701171875,-0.7783301767676768,84.57858163498636,168.359375,-226.6015625,2.032907196969697,131.1111312124048,193.2734375,-256.0,-28.877446338383837,75.32070132484617,67.171875,-256.0,0
-0.1398013336489899,0.9302035610375055,1.455322265625,-1.84912109375,-0.39196160827020204,0.31610188370036446,0.687744140625,-1.262939453125,0.3106455176767677,1.2423047101589195,7.798095703125,-1.071044921875,-5.686543367346939,80.39309971251978,204.8359375,-236.375,-0.9440369897959183,125.2289064125485,196.6484375,-256.0,-27.161670918367346,72.02616645080823,78.75,-256.0,0
1.021357421875,0.10219721010136451,1.334716796875,0.738525390625,0.19802978515625,0.09046726083929918,0.414794921875,-0.08837890625,-0.003740234375,0.11110357764189455,0.699462890625,-0.278076171875,-5.875,53.215484450711735,125.6796875,-199.8515625,0.6073232323232324,14.041173572795698,42.421875,-32.6328125,-2.7235637626262625,18.22341047197349,54.9375,-56.8828125,0
1.0047021484375,0.10322511391073322,1.31689453125,0.755126953125,0.1741455078125,0.07526854676856916,0.37060546875,-0.022216796875,-0.0052197265625,0.11013800168224594,0.1552734375,-0.508544921875,0.4992897727272727,34.25490179589308,75.671875,-118.96875,-0.10361426767676768,9.429402835060111,20.4921875,-23.59375,1.7417140151515151,16.529661415501955,50.7109375,-51.046875,0
1.02635009765625,0.1610759186334094,1.649658203125,0.64306640625,0.2158251953125,0.21521755915755864,1.3876953125,-0.0283203125,0.0521826171875,0.11820565301041173,0.3779296875,-0.18359375,-6.876657196969697,35.683278470375484,65.6640625,-113.765625,-2.1001420454545454,20.273771304484796,64.0390625,-40.1171875,-3.0879103535353534,46.34397732782248,148.8515625,-143.484375,0
0.9506005859375,0.27265608215326864,1.950439453125,0.413330078125,0.26463623046875,0.2655521256392649,1.737548828125,-0.32666015625,-0.01349365234375,0.19567397535927497,1.4921875,-0.422119140625,-1.239977904040404,98.08410472341,253.9921875,-256.0,3.059659090909091,24.75386861923432,91.7109375,-78.296875,-0.10369318181818182,27.091844088598023,76.3515625,-58.1953125,0
0.94610595703125,0.23764254000642923,1.66650390625,0.560546875,0.277275390625,0.16596366546720415,1.04638671875,-0.097412109375,-0.03065185546875,0.13039362851952577,0.51123046875,-0.447998046875,-0.18931502525252525,69.95123451479448,209.6953125,-216.515625,-1.3529040404040404,18.159374413352047,52.1640625,-44.4453125,1.0625,24.825133258646975,44.515625,-64.5,0
0.98711181640625,0.3106297494824548,1.818115234375,0.568115234375,0.33121826171875,0.1484739401610085,0.8876953125,-0.008544921875,0.05892822265625,0.14739959716259815,0.557373046875,-0.264892578125,1.9281881313131313,77.5939371203379,215.0234375,-156.8046875,4.714488636363637,27.89151066504883,57.234375,-67.453125,-3.2380050505050506,40.03819530985523,93.890625,-93.4296875,0
-0.11747426835317461,0.6726960474449677,1.04638671875,-1.12646484375,0.6005045572916666,0.3321342614782611,1.511962890625,-0.359130859375,0.5039643787202381,0.2664714960241598,1.0595703125,-0.018310546875,5.411290322580645,56.887770437291664,132.34375,-87.0625,19.768775201612904,53.91359992297089,144.1015625,-160.234375,36.49344758064516,103.42158320680781,253.9921875,-139.765625,0
0.18351806640625,0.894012296437792,1.248779296875,-0.966552734375,0.405986328125,0.2579339722192693,1.49658203125,-0.074951171875,0.068837890625,0.17576711613099474,0.51953125,-0.514892578125,-2.3042929292929295,56.34520978737449,158.5546875,-256.0,-4.06155303030303,44.720287148714284,163.0390625,-160.1328125,12.214883207070708,72.40562054351717,253.9921875,-158.6484375,0
0.23394132915296054,0.6201945018021466,1.160888671875,-0.857177734375,0.535047029194079,0.23588329128136495,1.224853515625,0.286376953125,0.46523887232730265,0.39126402729688703,1.024169921875,-0.198974609375,-4.113229166666667,55.56821683852062,149.390625,-124.078125,17.4059375,24.508381639204917,79.109375,-14.6015625,40.93958333333333,74.14586909945753,253.9921875,-38.8046875,0
0.1741943359375,0.853966588840255,1.027099609375,-1.007568359375,-0.3410986328125,0.270019635042857,0.00439453125,-1.279052734375,0.20500244140625,0.3136040899494621,0.701416015625,-0.240234375,3.439157196969697,42.07031728866996,216.53125,-72.625,-1.0602114898989898,16.572018079534953,54.7265625,-42.4609375,28.519333964646464,62.61259829820131,236.6953125,-24.6640625,0
0.15811767578125,0.8627999857782875,1.030517578125,-1.106689453125,-0.3101318359375,0.2722915888793258,0.1298828125,-1.362060546875,0.14362060546875,0.31927869717474505,0.77978515625,-0.481689453125,-1.1363636363636365,58.54580607189944,236.28125,-124.59375,3.69397095959596,38.2371688203767,129.2734375,-181.3125,24.22166982323232,73.39686543355269,253.9921875,-131.8828125,0
-0.029672017911585365,0.8474012835397772,1.10400390625,-0.94873046875,-0.3013618283155488,0.3618419389022534,0.135498046875,-1.56396484375,0.24404237328506098,0.312542009692775,0.755615234375,-0.29638671875,-7.451003086419753,44.89159876152369,157.421875,-116.453125,-6.376639660493828,21.33671619706736,65.0703125,-52.546875,-43.1880787037037,75.20297430981508,11.2109375,-256.0,0
1.1042822265625,1.1556035306988017,4.623291015625,-0.439453125,0.2476904296875,0.7954343934096267,4.8525390625,-2.501953125,-0.05001708984375,0.9118177885805185,0.8896484375,-7.747314453125,2.4973958333333335,133.40852242231935,253.9921875,-256.0,1.1663510101010102,88.79960587089765,253.9921875,-256.0,-9.839094065656566,106.91535929868267,253.9921875,-256.0,0
1.17173095703125,1.38535684685188,5.337646484375,-0.46240234375,0.07126220703125,0.42973652770804216,1.899169921875,-1.336669921875,-0.08646240234375,0.6000750240220476,1.455322265625,-2.7626953125,-14.195628156565656,140.34870035580337,253.9921875,-256.3671875,-8.577809343434344,111.17427903215258,253.9921875,-256.0,-6.144412878787879,72.65875353230305,129.390625,-196.3515625,0
0.5363330078125,1.0704474072492627,5.337158203125,-0.59765625,0.581279296875,1.0354498868841346,4.389892578125,-0.772216796875,-0.072880859375,0.35238871231273805,1.093017578125,-1.982666015625,14.62271148989899,127.74834227711541,253.9921875,-256.0,-9.169191919191919,90.08526820664642,253.9921875,-256.0,3.2947443181818183,75.95349881296681,208.125,-256.0,0
0.56175537109375,0.5258794937909739,1.427734375,-0.27734375,0.50044677734375,0.4399076074011693,1.043212890625,-0.7607421875,0.16794921875,0.19674045470275642,0.6591796875,-0.09130859375,-12.000315656565656,47.004461164621084,240.5390625,-132.1953125,18.644728535353536,31.22444536622735,100.359375,-68.0625,23.7025726010101,61.280473653096564,175.8203125,-128.71875,0
0.48166259765625,0.4898592894977713,1.117431640625,-0.203857421875,0.58483154296875,0.3670434051472428,1.165771484375,-0.188720703125,-0.04428466796875,0.24722618980578523,0.484619140625,-0.58984375,-6.257654671717172,47.72460095408105,84.3125,-256.0,6.950915404040404,31.53734721022463,119.53125,-117.4140625,15.105429292929292,43.31222336368272,130.1796875,-74.0546875,0
0.09943603515625,0.4102860313283365,1.20263671875,-0.3466796875,0.87455322265625,0.2735002675739458,1.9345703125,-0.22509765625,-0.00606689453125,0.22925368979499608,0.84228515625,-0.334716796875,-9.092645202020202,60.863831388985794,191.1171875,-256.0,1.358270202020202,21.811336183502288,83.703125,-95.734375,19.517992424242426,59.40792916888984,162.8359375,-72.578125,0
0.7335043298192772,0.3403059606039169,1.4951171875,-0.242431640625,-0.6270972562123494,0.2648802197642626,-0.2431640625,-1.390625,-0.005788780120481928,0.2409383999853913,0.61376953125,-0.777099609375,-7.9163215361445785,79.22291939308847,231.9921875,-222.5625,-14.668109939759036,38.644258031678596,60.703125,-154.1171875,-24.494070030120483,50.657204808745085,30.0546875,-170.078125,0
0.2256884765625,0.6497044718416879,1.08544921875,-0.899658203125,-0.65206298828125,0.35652231278319935,0.130126953125,-1.5400390625,0.1688330078125,0.3110853513065807,0.652099609375,-1.028076171875,9.233506944444445,72.94205800202823,253.9921875,-256.0,-1.394649621212121,51.58947340716407,152.78125,-161.8828125,0.8459595959595959,86.53916409408158,229.7109375,-186.2421875,0
0.22699951171875,0.6501572513137145,0.968505859375,-0.835693359375,-0.57527587890625,0.421112518819403,0.14453125,-1.6005859375,0.1348974609375,0.35588157311557145,0.68896484375,-0.6279296875,14.947995580808081,75.68906664422322,253.9921875,-140.5390625,1.7281407828282829,41.61196603211664,159.640625,-96.1640625,-6.662957702020202,92.32968230255926,253.9921875,-227.09375,0
0.6120291573660714,0.41644844023725447,1.19384765625,-0.600341796875,-0.3013916015625,0.46896745406265544,0.876708984375,-1.201904296875,0.4435023716517857,0.36804984148888814,1.071533203125,-0.084228515625,-23.296648550724637,107.28181511553282,253.9921875,-256.0,6.2697010869565215,37.04064529714888,89.8125,-74.234375,-35.32155797101449,62.56789880109523,46.71875,-187.125,0
0.77893798828125,0.2822574447155995,1.13134765625,-0.012939453125,-0.15429931640625,0.4341081753352987,0.698974609375,-1.397216796875,0.3436572265625,0.4711146497502948,1.65234375,-0.43896484375,12.458570075757576,101.3296551345892,253.9921875,-256.0,6.013494318181818,45.58471301357328,128.0546875,-82.9921875,25.851246843434343,66.29096695332183,253.9921875,-84.3828125,0
0.698037109375,0.48927987203302264,1.41650390625,-1.300048828125,-0.30310546875,0.518502495194099,0.798828125,-3.071044921875,0.3175537109375,0.576316209721372,1.749755859375,-1.122314453125,-25.56628787878788,99.55329799244231,248.6796875,-256.0,-10.721748737373737,49.78730571870925,123.9453125,-181.3515625,-49.82370580808081,69.8804377100363,25.1484375,-256.0,0
0.8575927734375,0.17321771838111352,1.2783203125,0.61865234375,0.418505859375,0.20112359810216707,0.7412109375,0.048828125,0.19383544921875,0.17804395731016262,0.44140625,-0.073974609375,-9.362058080808081,32.143826390762456,63.234375,-97.5,2.5846748737373737,16.57214250037671,39.546875,-47.0234375,-1.1319444444444444,36.7607612277326,118.8125,-96.15625,0
0.8799609375,0.19297408704288457,1.33544921875,0.533935546875,0.3730126953125,0.2624390054865347,0.912841796875,-0.076171875,0.11350341796875,0.18389334755738648,0.56787109375,-0.260009765625,-13.3041351010101,34.973907075873115,191.4296875,-102.1953125,3.5860953282828283,31.403975442860638,68.4140625,-110.5390625,0.7386363636363636,28.223983525108515,68.265625,-84.8125,0
0.81452392578125,0.2244247083271949,1.216064453125,0.433837890625,0.4410302734375,0.3116517445150529,0.952392578125,-0.02734375,0.1228466796875,0.14530376851090535,0.40966796875,-0.205078125,-12.995738636363637,22.367452073673924,34.7109375,-72.5859375,-3.5097064393939394,15.314758714106832,24.40625,-49.65625,-9.558633207070708,25.486234648974634,32.484375,-79.390625,0
1.0081787109375,0.2568759216978889,1.607666015625,0.355224609375,0.35186767578125,0.17971530657689644,0.765625,-0.0361328125,0.03595703125,0.17921147219473654,0.710693359375,-0.6123046875,-14.933080808080808,85.58137863117572,229.34375,-256.0,-0.026199494949494948,32.016246145574264,92.46875,-66.6953125,-3.709280303030303,78.83195624143144,154.8125,-192.796875,0
1.0222884114583333,0.22108808053531648,1.714111328125,0.66943359375,0.2999609375,0.1431890497055789,0.75244140625,-0.020263671875,0.031044921875,0.07876036641348402,0.266357421875,-0.14794921875,-6.651393581081081,86.78035959654726,199.5390625,-219.0,3.620460304054054,22.923608203165017,80.484375,-37.7265625,-0.9598817567567568,63.20593490224494,100.9609375,-153.21875,0
1.00814453125,0.218732131555196,1.643310546875,0.638671875,0.28873291015625,0.13882123345060934,0.730712890625,0.024169921875,0.02225830078125,0.08426295049473652,0.17431640625,-0.1474609375,14.958570075757576,98.28402509425067,253.9921875,-256.0,3.564236111111111,21.129791697441906,56.890625,-39.609375,-2.468039772727273,63.02871609982008,100.8828125,-131.4296875,0
-0.33589599609375,0.8050014039547153,1.087646484375,-2.14892578125,-0.551162109375,0.25648109045839196,0.451416015625,-1.46484375,0.04824951171875,0.19084091670330364,0.336181640625,-1.37841796875,-0.4713541666666667,53.66743439682221,208.515625,-256.0,-2.442629419191919,38.32879374022858,109.296875,-256.0,15.76317866161616,74.92177707436961,159.5078125,-256.0,0
-0.93382080078125,0.1281667048569355,-0.638916015625,-1.342529296875,-0.1471435546875,0.3039574734390433,0.711669921875,-0.412109375,0.1511572265625,0.07003333745430171,0.379638671875,-0.02001953125,-5.198626893939394,31.08042413918692,90.1953125,-88.4296875,4.378945707070707,17.919141292810025,53.7734375,-25.6328125,-4.249131944444445,51.60914378664899,124.703125,-158.359375,0
-0.93760986328125,0.16589737349515474,-0.6103515625,-1.5126953125,-0.3330224609375,0.07955821016887549,-0.122802734375,-0.520751953125,0.2093115234375,0.07562813949373604,0.380859375,-0.021484375,-0.827020202020202,31.29629470206381,92.484375,-60.2421875,0.5543718434343434,13.418385324931167,27.4296875,-32.03125,-2.483822601010101,17.7851942035373,65.4609375,-42.0,0
-0.92107421875,0.1684747148779978,-0.60205078125,-1.541259765625,-0.3077587890625,0.1158785446472544,0.011474609375,-0.528564453125,0.2005029296875,0.12193330504740546,0.55712890625,-0.291015625,-2.3916508838383836,38.67145389345871,122.8125,-103.296875,-0.3693181818181818,18.47432338221248,37.015625,-44.8515625,-1.448074494949495,15.950331199132906,34.28125,-47.09375,0
-0.895390625,0.33027878927612986,-0.44287109375,-1.792724609375,-0.45885986328125,0.1264168572189707,-0.247314453125,-0.796630859375,0.2179150390625,0.08627514610819796,0.4384765625,-0.00537109375,-12.125157828282829,58.50561168745747,222.578125,-117.453125,3.324731691919192,24.35861171673847,52.25,-37.8984375,-4.049242424242424,67.98959385611566,131.78125,-195.6328125,0
-0.90264892578125,0.27807783814584935,-0.424072265625,-1.83349609375,-0.4563720703125,0.15889063703116985,-0.1650390625,-1.249755859375,0.19393310546875,0.07586129572093661,0.44580078125,0.03173828125,-15.552477904040405,63.8522571737525,252.875,-149.5390625,1.4533617424242424,22.470081772614847,79.21875,-49.5859375,-2.2810921717171717,61.55413270954981,125.5703125,-184.0859375,0
-0.9386279296875,0.23181015110342862,-0.53271484375,-1.584228515625,-0.40449951171875,0.10421892349137217,-0.130859375,-0.5966796875,0.1614990234375,0.09140359271498895,0.343017578125,-0.020751953125,1.1485164141414141,82.7788634644432,144.15625,-176.5703125,5.62823547979798,24.915025845370096,68.4453125,-60.734375,-10.026988636363637,89.19247097038152,159.265625,-190.78125,0
-0.95815185546875,0.18355506682615505,-0.556884765625,-1.44091796875,-0.39878662109375,0.09591880476394435,-0.226318359375,-0.780517578125,0.16110107421875,0.10718670800252873,0.333984375,-0.1494140625,2.9047506313131315,77.52678472319492,208.2734375,-218.8125,7.574810606060606,26.558857400522324,89.0546875,-43.3203125,-5.921638257575758,99.53195503065521,213.265625,-205.921875,0
-0.90803466796875,1.3279119709806346,0.652587890625,-4.35888671875,-0.36390869140625,0.2270296745875727,0.076416015625,-1.075927734375,0.14788818359375,0.23407734948586112,0.52783203125,-0.8828125,-4.154198232323233,86.26789966967839,249.203125,-213.5078125,1.0845959595959596,65.19368547285211,186.0859375,-177.0,3.1081123737373737,54.93935335922537,154.0234375,-210.8671875,0
-0.92723876953125,1.2074833614943534,0.7197265625,-3.717529296875,-0.44585693359375,0.281253129846324,0.04296875,-1.466552734375,0.151669921875,0.1754252652154717,0.577392578125,-0.58154296875,-0.6676136363636364,93.01325882669236,253.9921875,-197.6875,4.296953914141414,51.84180883150277,171.25,-154.6796875,-1.5952493686868687,73.19262661711394,138.0390625,-167.953125,0
-0.85898193359375,0.748120158135211,0.530029296875,-2.767822265625,-0.55255126953125,0.351546444632234,0.02880859375,-1.665283203125,0.197734375,0.15724383215035373,0.583740234375,-0.218505859375,-5.3400410353535355,87.53255940812733,253.9921875,-202.15625,1.3926767676767677,40.99997954345641,88.53125,-175.3515625,-13.869870580808081,67.63732637737816,116.21875,-256.1328125,0
-0.34900146484375,0.41264134715598216,0.59619140625,-1.07177734375,-0.33194580078125,0.3079867095104016,0.453857421875,-1.263671875,0.5928515625,0.5990308930959498,1.692138671875,-0.833251953125,13.992424242424242,77.21397572613049,253.9921875,-182.0,9.145912247474747,52.383160066246816,140.4140625,-98.171875,-3.815261994949495,45.189519691819314,98.5546875,-110.6953125,0
-0.37545166015625,0.45218135491461836,0.3173828125,-1.130126953125,-0.26839111328125,0.21862427246851673,0.180419921875,-0.9453125,0.55910888671875,0.5877685013416302,1.45556640625,-0.69580078125,4.616319444444445,66.28418672312243,237.8984375,-186.3046875,7.854087752525253,55.35575552042134,144.734375,-117.765625,-9.979087752525253,52.37581748983974,112.78125,-100.5546875,0
-0.341630859375,0.5730055997684733,0.442626953125,-1.572509765625,-0.46174072265625,0.393347621306482,0.71875,-2.02783203125,0.3789599609375,0.5386681876274194,1.435546875,-1.62744140625,-4.821890782828283,98.8083072477607,253.9921875,-256.0,0.6214488636363636,63.25709837778896,127.625,-183.4375,-28.05926452020202,69.7368357499769,93.125,-164.1484375,0
-0.8005859375,0.21579771726229985,-0.366943359375,-1.175537109375,-0.40298095703125,0.3035358886533182,0.59814453125,-1.406982421875,0.2300732421875,0.24696792538879425,0.680419921875,-0.634033203125,-3.3146306818181817,52.30112627432738,157.53125,-143.9453125,-6.250078914141414,33.6924541790978,51.0546875,-97.3203125,-0.9042771464646465,41.55631712656823,68.734375,-102.7890625,0
-0.9532862249410378,0.24617899500343496,-0.14306640625,-1.802490234375,-0.24933667452830188,0.2241621884295977,0.536865234375,-0.687744140625,0.1946445681014151,0.19063582073089202,0.619140625,-0.1923828125,-9.180889423076923,71.24805838648933,253.9921875,-106.234375,16.76697716346154,56.497080099092386,253.9921875,-65.5546875,-20.22986778846154,81.5315378740354,80.3125,-256.0,0
-0.9010452438186813,0.1341501883696771,-0.6513671875,-1.271484375,-0.3187322930975275,0.23702842449102382,0.29150390625,-0.71875,0.17166841947115385,0.20538345012647458,0.854736328125,-0.505126953125,-2.5633680555555554,50.53924426189764,158.9609375,-164.0,-1.0230902777777777,35.659592635323214,94.90625,-91.7265625,0.5443576388888889,31.68081263046396,67.5,-69.6640625,0
-0.9073051364942529,0.16900724667811148,-0.720703125,-1.616943359375,-0.4490026715158046,0.14968669252879419,-0.113037109375,-0.72216796875,0.12809244791666666,0.11954761678034485,0.27392578125,-0.22900390625,34.93332122093023,71.64240991634468,199.46875,-94.65625,-18.476108284883722,29.97585327571566,27.171875,-94.2734375,-11.983103197674419,51.85129905675967,86.5078125,-132.25,0
-0.9146442819148937,0.16162720266786978,-0.7216796875,-1.3896484375,-0.4210568691821808,0.10508305618654513,-0.23095703125,-0.699462890625,0.14488187749335107,0.07694071194470005,0.281982421875,-0.01611328125,-5.378108198924731,59.65474017391311,126.0859375,-133.7265625,-4.797463037634409,19.2972234401549,46.921875,-39.703125,11.718497983870968,69.72634503587602,120.984375,-125.71875,0
-0.94072998046875,0.1545747976589899,-0.615966796875,-1.483154296875,-0.43146240234375,0.1213258296506252,-0.180908203125,-0.79052734375,0.14176513671875,0.06766504468426321,0.34228515625,-0.024658203125,-10.263257575757576,71.45731301671147,175.359375,-143.90625,-2.0536616161616164,24.217611054965698,64.984375,-40.890625,8.189078282828282,83.29498882541498,148.375,-165.625,0
-0.52810546875,0.3790911229861512,-0.04150390625,-1.390625,0.55352294921875,0.18285559726591677,0.88427734375,0.1328125,0.43076171875,0.2853646966625661,0.840576171875,-0.223388671875,-0.39449179292929293,38.65803959946622,135.2421875,-120.3203125,-4.752761994949495,18.01772015173832,55.9921875,-57.3046875,-3.1648516414141414,34.86855548322343,95.1953125,-62.0234375,0
-0.3516341499660326,0.5177703332019401,0.264404296875,-1.818359375,0.5293685249660326,0.3421170090279566,0.966796875,-1.134033203125,0.37119459069293476,0.37656034453532994,0.887939453125,-1.08740234375,11.463770604395604,57.772722738713256,253.9921875,-102.1953125,-0.9297733516483516,66.67889333477714,218.7890625,-256.0,-1.2312843406593406,46.24691840148774,119.875,-67.78125,0
-0.28701847157579785,0.45681743401176844,0.13427734375,-1.51220703125,0.5008570894281915,0.10386172136521749,0.7529296875,0.279296875,0.6805497839095744,0.3390881797350916,1.178466796875,-0.14990234375,6.69304435483871,41.475750731452905,156.828125,-137.6171875,0.07501680107526881,34.67498779400352,134.8828125,-88.5546875,-5.939264112903226,33.80490924141402,78.828125,-110.46875,0
-0.2198583984375,0.43092767503698964,0.199951171875,-1.314453125,0.6657080078125,0.16578671682765733,0.955322265625,0.29833984375,0.52319091796875,0.2258367199588116,0.901611328125,0.04931640625,2.2592329545454546,21.44857837291072,59.96875,-91.359375,-6.486979166666667,26.850085327616743,78.8046875,-93.3203125,-1.7778566919191918,25.150110053060384,101.5859375,-48.765625,0
-0.72622314453125,0.6022672818846828,-0.01904296875,-2.986328125,0.55043701171875,0.3357220728043181,1.6044921875,0.03759765625,-0.05578369140625,0.2468048490858429,0.4580078125,-0.905029296875,18.77975063131313,84.7511043010401,253.9921875,-256.0,7.399305555555555,96.49128375211365,217.0234375,-189.1953125,1.6315498737373737,106.25051581121006,248.4375,-224.9453125,0
-0.87768798828125,0.6313486159079119,-0.1103515625,-2.6982421875,0.44423828125,0.2967120757514919,1.305908203125,-0.06884765625,-0.0520361328125,0.24308974027532623,0.489990234375,-0.723388671875,12.38454861111111,64.6450424630334,247.1875,-169.5234375,12.028330176767676,125.54413925009669,253.9921875,-231.3203125,-18.287247474747474,140.5367382504091,253.9921875,-241.8828125,0
-0.835986328125,0.14423193791722932,-0.35302734375,-1.22021484375,0.4346826171875,0.22381597467967396,1.36328125,-0.3154296875,-0.10695556640625,0.11982961128617337,0.30029296875,-0.38720703125,-5.728140782828283,92.54334442068753,253.9921875,-256.0,-4.089804292929293,39.30070053957874,119.46875,-148.1640625,-0.21030618686868688,55.892822646985046,139.09375,-120.1171875,0
-0.7909326171875,0.43065144868746774,0.044189453125,-2.48974609375,0.4972998046875,0.24933312597516902,1.201416015625,-0.178466796875,0.03994873046875,0.28690171322041796,0.924072265625,-0.78076171875,4.0137310606060606,146.20345491796536,253.9921875,-256.0,0.27635732323232326,75.58197314994257,170.9296875,-138.453125,-10.730508207070708,98.19390300931872,216.3515625,-229.75,0
-1.0076708984375,0.3042108909951542,-0.225341796875,-1.872314453125,0.407646484375,0.2390536190203437,0.88818359375,-0.274169921875,0.230361328125,0.27026496936793337,0.8056640625,-0.23974609375,-14.775489267676768,105.78814241041007,253.9921875,-248.8828125,-27.473011363636363,169.86947478528512,253.9921875,-256.0,-3.3367266414141414,101.96530581898841,205.0078125,-191.5625,0
-0.250400390625,0.290412106051728,0.187744140625,-1.000732421875,0.79414306640625,0.36912383945791616,1.83203125,0.1767578125,0.62493896484375,0.4095509658704636,1.542724609375,-0.260009765625,25.67282196969697,99.23599594033801,253.9921875,-199.8125,13.971590909090908,170.05787852400874,253.9921875,-256.7265625,4.442550505050505,94.02347428383881,239.6484375,-184.125,0
-1.00272216796875,0.33394766332513076,-0.4619140625,-2.145263671875,0.37186279296875,0.20494494773300936,0.74365234375,-0.15283203125,-0.0469580078125,0.1698005338432403,0.438720703125,-0.48046875,-45.8504577020202,87.00830461554189,116.109375,-256.0,-22.94681186868687,131.70309227284739,221.890625,-247.9765625,-15.327809343434344,147.88418338940673,253.9921875,-256.0,0
-0.195830078125,0.5676485518404188,2.241455078125,-2.09228515625,0.785615234375,0.9887477622748322,3.048095703125,-0.424560546875,0.66992919921875,0.805669563380102,3.500732421875,-0.333984375,-3.140546085858586,58.941645425102685,153.703125,-132.609375,-1.8797348484848484,78.28429615904531,253.9921875,-194.7421875,-1.0252525252525253,55.557609247590165,205.4140625,-112.765625,0
0.16177997891865079,0.5149640321868271,1.143798828125,-1.5224609375,0.6099795386904762,0.741111834882279,2.49951171875,-0.458251953125,0.15105329241071427,1.0582311765355783,3.181884765625,-1.6123046875,12.621219758064516,146.34294857482345,253.9921875,-256.0,4.314012096774194,75.33590188946583,211.84375,-126.3515625,3.5572076612903225,53.65279803809753,121.671875,-122.6796875,0
-0.057281494140625,0.2539613042549551,0.396240234375,-0.778564453125,0.3503451877170139,0.6336815450009586,2.966796875,-0.360107421875,0.938140869140625,1.0922274880080372,3.632568359375,-0.54345703125,-9.646456866197184,108.47726334094817,253.9921875,-256.0,2.982394366197183,78.16063444271721,149.0703125,-209.4453125,-0.989106514084507,46.33009660122844,80.7890625,-183.7734375,0
-0.81476318359375,0.26933706360513077,-0.114501953125,-1.69921875,0.39775146484375,0.277768480259083,1.26513671875,-0.3359375,0.05681640625,0.27676684934605544,0.9853515625,-0.468017578125,-3.3390151515151514,96.2522675494812,253.9921875,-256.0,2.6231060606060606,66.87653841248611,171.8984375,-111.5,8.555555555555555,63.89644476276758,171.34375,-196.1953125,0
-0.292060546875,0.5176960120113272,0.290283203125,-1.3955078125,0.665869140625,0.28179054449853447,1.38623046875,0.03759765625,0.1527099609375,0.3799762483439384,2.214599609375,-0.380615234375,-24.67361111111111,41.36600608188221,101.6484375,-135.9375,-21.034011994949495,48.731909222552694,78.015625,-150.765625,-10.07986111111111,30.82213241351706,43.40625,-118.1015625,0
-0.46148681640625,0.5614554597259711,0.46826171875,-2.06787109375,0.43576171875,0.4457803527630463,1.396728515625,-0.616943359375,-0.13044189453125,0.33449254206217965,0.756103515625,-0.842041015625,-27.345643939393938,54.908164735960334,108.6875,-161.0625,-7.346354166666667,38.34392258811891,119.2734375,-86.5234375,-16.763178661616163,76.60830876359698,125.234375,-214.8046875,0
-0.51230712890625,0.1740344731249374,0.031982421875,-1.25341796875,0.7831591796875,0.13447594235684515,1.397705078125,0.47802734375,0.04375732421875,0.17970173275183285,0.45361328125,-0.41796875,0.7664930555555556,39.90332444433154,163.0625,-84.53125,4.548611111111111,31.000798549029696,104.2734375,-106.9140625,2.164772727272727,37.02918921957423,147.9453125,-87.1328125,0
-0.572734375,0.27114401948732236,0.0107421875,-0.96728515625,0.68126953125,0.2711106033583179,1.354736328125,0.28369140625,0.03734130859375,0.20352690440311832,0.572021484375,-0.375732421875,-10.912247474747474,52.63754326254126,168.84375,-220.5625,-9.344223484848484,22.08670109537688,27.2421875,-99.1875,-0.7043087121212122,26.325444062625913,72.2734375,-94.671875,0
-0.4005224609375,0.2762348657233942,0.11474609375,-1.0703125,0.73496337890625,0.1607641975657569,1.15087890625,0.36376953125,0.42575439453125,0.2425842625798278,0.724609375,-0.191162109375,-9.679214015151516,56.22991089846008,82.5625,-214.7890625,-11.88699494949495,36.953139553452054,51.28125,-98.6796875,-9.142597853535353,38.21121362336564,76.7109375,-147.3984375,0
-0.54330078125,0.45913587499254477,0.141845703125,-1.6572265625,0.57658203125,0.24391448970466595,1.125732421875,0.106201171875,0.26947998046875,0.3435017110328732,1.20166015625,-0.275146484375,-21.474747474747474,96.46511504843684,253.9921875,-256.0,22.591698232323232,83.92715266050327,253.9921875,-176.0703125,-9.306344696969697,71.98403085055324,227.8046875,-152.9609375,0
-0.8699658203125,0.1977782458135815,-0.416259765625,-1.699951171875,0.39696533203125,0.07476201809082186,0.591796875,0.213134765625,-0.095869140625,0.09202703884055946,0.148193359375,-0.302490234375,34.63644255050505,65.83120557934302,187.3359375,-113.6640625,12.744397095959595,59.50309856390599,130.9140625,-127.09375,-0.3406723484848485,78.61946456949586,191.109375,-187.6171875,0
-0.8990234375,0.20572836252047316,-0.384765625,-1.689453125,0.3818359375,0.09396308207441353,0.662841796875,0.161865234375,-0.10462158203125,0.08795702281859873,0.085693359375,-0.31591796875,4.825994318181818,66.01327786323196,165.9296875,-160.953125,4.137310606060606,64.81630525157595,132.5234375,-143.5078125,1.977114898989899,84.5634826171734,163.40625,-174.78125,0
-0.25721435546875,0.6975487906087446,1.184814453125,-1.7177734375,0.458994140625,0.7586066663685499,1.9921875,-2.37158203125,0.530751953125,1.6560756184600067,4.978271484375,-2.5205078125,-4.657986111111111,130.2515221534246,253.9921875,-256.0,-4.349589646464646,159.50115667528596,253.9921875,-256.0,15.185684974747474,91.57092979575023,253.9921875,-253.7734375,0
-0.20870183023174158,0.8400235770467087,1.615234375,-3.605224609375,0.5094199877106742,0.6986080233055715,1.96630859375,-2.21533203125,0.4227637816011236,1.7695522384207591,6.610107421875,-3.67724609375,-9.344460227272727,113.07370542234125,253.9921875,-256.0,-18.543767755681817,164.9564184869065,253.9921875,-256.0,-1.8527166193181819,102.22153143598848,253.9921875,-256.0,0
-0.329755859375,0.8418137309287518,2.135009765625,-2.672607421875,0.30615234375,0.7510115834814605,2.429443359375,-3.321044921875,0.37263671875,1.8267835318146544,8.0,-3.39208984375,-0.2955334595959596,92.97867291736348,253.9921875,-256.0,-9.303503787878787,155.7189891944054,253.9921875,-256.0,-4.856060606060606,96.64961257801127,253.9921875,-222.2578125,0
0.977021484375,0.1380183604852609,1.291748046875,0.61767578125,0.12818603515625,0.0673049111564582,0.3447265625,-0.037353515625,0.35663330078125,0.12053435470127127,0.734375,0.10791015625,-3.383996212121212,29.47572063667853,107.6015625,-86.625,0.9177714646464646,11.8021582080295,24.734375,-26.0859375,-2.1173453282828283,16.38692178494441,32.1640625,-56.5,0
-0.19289794921875,0.8426361516001817,0.963134765625,-1.855712890625,0.20416259765625,0.24936434131445218,1.334716796875,-0.208740234375,0.4263525390625,0.17156577372945175,1.1533203125,0.0908203125,-6.626578282828283,58.91730106660287,222.5703125,-201.125,2.7576546717171717,56.117742999630515,213.5390625,-228.578125,6.948074494949495,88.63083219419204,253.9921875,-256.515625,0
-0.17919189453125,0.8908912377571059,0.953125,-2.6484375,0.19100341796875,0.23490862148996464,1.52197265625,-0.25830078125,0.4001708984375,0.14039401050830966,0.92626953125,-0.009521484375,-2.209359217171717,44.98030536494378,229.4453125,-162.703125,10.46740845959596,58.50109698944709,253.9921875,-117.609375,9.516098484848484,82.28725643283066,253.9921875,-235.9609375,0
-0.21447998046875,0.9338643745574348,1.0224609375,-3.129150390625,0.1888916015625,0.3321875269504942,1.986572265625,-0.438232421875,0.36677001953125,0.21537231703729356,1.347412109375,0.03857421875,-0.286171875,64.6636112824715,156.265625,-250.0,2.490625,63.64788454290614,239.171875,-191.7421875,1.46203125,84.09262133889906,253.9921875,-256.0,0
0.9891011939858491,1.121552437118038,3.226806640625,-0.4951171875,0.025763745577830188,0.1042684674607271,0.265869140625,-0.1982421875,0.26595666273584906,0.20266534924653135,1.1904296875,-0.028076171875,-3.5928485576923075,47.78435168168261,85.5625,-120.09375,2.105769230769231,33.01286881154378,115.375,-66.3828125,-2.054387019230769,12.200548322897735,29.34375,-30.9765625,0
0.08507080078125,0.470658775392974,1.391357421875,-0.7958984375,1.0256298828125,1.325685108491092,4.40380859375,-0.60498046875,0.12120849609375,0.303362924966173,1.18359375,-0.624755859375,-2.3686079545454546,88.20796308258303,253.9921875,-256.0,-42.869791666666664,88.30961846985497,126.953125,-201.515625,19.183633207070706,98.73898573968503,209.265625,-255.6484375,0
0.5226860894097223,0.5220762658202505,1.87890625,-0.142578125,-0.04113226996527778,0.1603337830437489,0.2060546875,-0.476318359375,0.6349772135416667,0.49959379650248925,1.336669921875,-0.90673828125,7.135621488764045,54.93317900815187,195.1015625,-87.234375,-12.9203827247191,59.56128246368385,113.1015625,-186.84375,12.48753511235955,47.56185276602223,172.9765625,-89.0625,0
-0.6018171037946428,0.5169065533700544,0.71875,-1.533447265625,0.36888602120535713,0.3490264134591498,1.01025390625,-0.3310546875,0.23896135602678573,0.4088339215510091,0.97314453125,-0.889404296875,-4.741508152173913,136.47392706231517,253.9921875,-256.5859375,9.308197463768115,55.26097416771699,155.65625,-89.9375,-36.31238677536232,59.359883443098184,44.9921875,-175.7265625,0
-0.12470947265625,0.8208543181161496,0.83837890625,-1.400390625,-0.0593798828125,0.5508388803835651,1.769775390625,-0.656005859375,0.35337646484375,0.10537627089176371,0.84716796875,0.09619140625,-6.9672506313131315,55.37038261407761,84.109375,-256.0,14.581518308080808,49.85412151890649,253.9921875,-72.3203125,23.786063762626263,71.31689012713838,253.9921875,-72.203125,0
-0.94985107421875,0.023552955956021342,-0.906494140625,-0.968505859375,0.12689697265625,0.022444580889421917,0.197265625,0.094482421875,0.3230517578125,0.021283618475911502,0.343505859375,0.2451171875,-2.840909090909091,2.4496380992255684,6.859375,-7.265625,0.2840909090909091,1.6706323612241492,5.1640625,-4.59375,-1.6094539141414141,1.6425814659265225,2.734375,-8.0703125,0
-0.10918212890625,0.8443142927520546,0.9013671875,-1.339599609375,0.00994873046875,0.5388999731273985,1.4296875,-0.699462890625,0.2656005859375,0.16917030303159902,0.812255859375,-0.353271484375,4.113636363636363,83.65367100714009,253.9921875,-256.0,21.30958017676768,60.112752731748394,228.140625,-69.6015625,10.594539141414142,91.70506176771336,253.9921875,-228.765625,0
-0.59966064453125,0.37434833695158315,0.016357421875,-1.6845703125,0.1537255859375,0.14286185774345464,0.64306640625,-0.392333984375,0.68787841796875,0.31753139996701063,1.2666015625,0.00439453125,-8.930871212121213,54.55068182869941,154.7734375,-227.859375,7.017045454545454,43.17454346596454,194.125,-55.890625,31.63131313131313,61.24361024511043,235.1171875,-101.6015625,0
-0.707646484375,0.3427307980178804,0.39111328125,-1.28369140625,0.08983642578125,0.3690709858031028,0.705810546875,-0.90234375,0.54686767578125,0.3358105911333395,1.37353515625,-0.107666015625,3.6782670454545454,89.70880435223202,253.9921875,-256.0,-7.6503314393939394,55.382266928764416,114.9609375,-124.7578125,-0.8126578282828283,56.07252534520069,160.9609375,-85.40625,0
-0.9479376680107527,0.009611603034065068,-0.8681640625,-0.965576171875,0.17516958585349462,0.015627896590298528,0.252197265625,0.1572265625,0.314962407594086,0.02502869159166491,0.34326171875,0.281494140625,-3.076766304347826,1.7996543400150817,2.6640625,-6.890625,0.35037364130434784,1.8078542522464804,4.390625,-2.9921875,-1.074133831521739,2.0037446813856237,4.0078125,-6.7109375,0
-0.5522705078125,0.3627168343957566,-0.043212890625,-1.265625,0.19220458984375,0.12048624970406444,0.5908203125,-0.1484375,0.69292724609375,0.31814112169938824,1.340087890625,0.033935546875,-15.851878156565656,40.46478374419074,174.6875,-141.1328125,2.6894728535353534,48.77970512560559,209.2890625,-62.3046875,32.40088383838384,34.841699882050094,126.1796875,-29.65625,0
0.6372705078125,0.4125898489056542,1.396728515625,-0.017578125,0.1534814453125,0.08886192369906033,0.5302734375,-0.01708984375,0.67778564453125,0.33678155175314367,1.270263671875,0.16015625,-6.472064393939394,35.14253832795551,91.9140625,-134.28125,-9.315498737373737,33.22623567559789,37.8828125,-123.9140625,-7.252604166666667,36.81627128982511,46.9765625,-97.3046875,0
0.970771484375,0.04789039848236728,1.07373046875,0.845703125,0.16697021484375,0.06228797324871816,0.335205078125,0.05029296875,0.35546630859375,0.04112124687101813,0.405029296875,0.2822265625,-1.2431344696969697,14.4071248450826,48.2578125,-53.9375,-0.32110164141414144,4.3588940631905935,10.8359375,-11.3125,-1.1206597222222223,9.74560019025802,24.328125,-30.015625,0
1.0098046875,0.36026837921644983,1.653076171875,-0.11865234375,0.1745947265625,0.22261190680930806,1.55615234375,-0.1103515625,0.4054345703125,0.1820902723638557,1.081787109375,-0.009033203125,-28.372001262626263,76.53967234598335,191.90625,-256.0,1.5626578282828283,83.20862295538306,207.8828125,-166.328125,-16.809974747474747,128.30276426549574,253.9921875,-256.0625,0
1.01433349609375,0.10828876229851353,1.25439453125,0.72412109375,0.03301025390625,0.098219641310956,0.275146484375,-0.186279296875,0.313828125,0.08636683856922957,0.523193359375,0.104736328125,4.197048611111111,22.715909308305683,74.3046875,-37.1796875,0.4155618686868687,11.975316599513251,25.046875,-30.9765625,0.2080965909090909,7.930444103153244,20.7890625,-21.4921875,0
0.5622744017009493,0.6818289054067397,1.1318359375,-0.642333984375,0.3001137262658228,0.3044353624491911,1.158447265625,-0.00439453125,0.35284192049050633,0.1660007414584807,0.674072265625,-0.134521484375,-9.401742788461538,63.8033934796381,202.1953125,-256.0,-1.7682291666666667,14.206196285858029,34.3828125,-30.4296875,29.37159455128205,75.23937439694994,253.9921875,-47.8515625,0
1.004921875,0.1847003739932022,1.74658203125,0.592529296875,0.09339599609375,0.2643044088802553,1.25390625,-0.593017578125,0.07878662109375,0.27813186914555027,0.863037109375,-0.78173828125,-8.570154671717171,91.57997615126502,253.9921875,-256.0,-2.8291508838383836,37.895721561305436,86.6328125,-131.953125,0.5765467171717171,50.49419278633897,128.25,-166.1328125,0
0.64106201171875,0.4281257355050222,1.8955078125,-0.41943359375,0.2467724609375,0.5125480147641758,2.28369140625,-1.682373046875,0.34930908203125,0.5555579314877117,1.68798828125,-0.65283203125,-6.272265625,102.58000309694806,253.9921875,-256.0,-12.27453125,63.577248886312695,99.34375,-256.0,-6.966015625,65.26743175706274,214.5546875,-251.2890625,0
0.9784284319196429,0.4630541512688547,2.147705078125,-1.277099609375,0.19508928571428572,0.3747948056603829,2.2685546875,-0.40673828125,0.2882777622767857,0.4519387655954666,1.740478515625,-1.27734375,-7.830357142857143,103.62535853347964,253.9921875,-256.0,-0.6582589285714285,63.33756912510438,154.15625,-256.0,14.281138392857143,89.72807444086612,242.34375,-202.8203125,0
-0.9138997395833334,0.060938031136445796,-0.72998046875,-1.02490234375,-0.3707246326264881,0.09116713730874684,-0.107666015625,-0.837646484375,0.13379778180803573,0.11541498328250258,0.53076171875,-0.4501953125,-0.23428087349397592,39.54351195410061,253.9921875,-58.8828125,-1.6809111445783131,7.345651257701158,12.8359375,-30.3671875,1.4495481927710843,8.417541647346912,26.5078125,-22.3359375,0
-0.9269309303977272,1.156019012166215,0.4580078125,-3.69873046875,-0.40322265625,0.23603612043224195,0.102783203125,-1.109375,0.1883877840909091,0.3824152805041017,0.801025390625,-0.569580078125,-5.607349537037037,86.27730648462786,174.2109375,-233.046875,6.689236111111111,44.077333241362176,106.9765625,-120.2109375,-4.062065972222222,57.11129332734762,98.6484375,-176.84375,0
-0.9179538026147959,0.6107881548116973,-0.043212890625,-3.326416015625,-0.32656548947704084,0.24577831231131753,0.3642578125,-1.21240234375,0.16779187260841838,0.2243885834496666,0.61376953125,-0.509765625,0.08698453608247422,104.40067285629927,253.9921875,-256.0,-4.161324097938144,51.6641866249589,218.125,-130.46875,-2.7308311855670104,67.71094428862713,172.1875,-186.578125,0
-1.1350244140625,1.2291379831695823,1.251220703125,-4.3203125,-0.7466943359375,1.1432296608555217,2.502685546875,-3.466796875,0.33654052734375,0.7769736887692735,2.092529296875,-1.324462890625,16.962831439393938,127.9765279330429,253.9921875,-256.0,5.282986111111111,119.58661437517767,253.9921875,-256.0,-2.2241950757575757,216.57911603448022,253.9921875,-256.0,0
-0.40033203125,0.5458365702448178,0.38427734375,-1.3896484375,-0.28990478515625,0.42071868297460485,0.866455078125,-1.42822265625,0.58535888671875,0.4082358397812596,1.5751953125,-0.174072265625,-6.071654040404041,63.87147091770437,159.5078125,-256.0,-12.719460227272727,52.210261212066214,92.4609375,-215.640625,3.912878787878788,47.794127338593306,147.078125,-167.4375,0
-0.394296875,0.6594282561937707,0.93212890625,-1.88916015625,-0.328818359375,0.5002535555235156,1.46728515625,-1.8173828125,0.29169921875,0.4710769258091835,1.8505859375,-0.99267578125,10.522490530303031,116.31043223962169,253.9921875,-256.0,16.86852904040404,67.76206829380297,235.3359375,-133.5625,17.295217803030305,60.28206174115538,138.9296875,-148.5703125,0
-0.6441748046875,0.36430653332876256,-0.034423828125,-1.27880859375,-0.37530517578125,0.4093143569276831,0.824951171875,-0.8935546875,0.34006591796875,0.3088561670400459,0.90234375,-0.462158203125,-7.506470959595959,37.19889564503883,125.890625,-228.4765625,-8.46338383838384,27.147971531192614,31.3359375,-110.9453125,7.544034090909091,40.204056032775185,107.671875,-119.921875,0
-0.5272021484375,0.3535318886066537,0.188232421875,-1.302490234375,-0.498544921875,0.39219078871119406,0.447021484375,-1.542236328125,0.513115234375,0.3071491919193757,1.337158203125,-0.313720703125,-15.012941919191919,51.00448244975794,160.4609375,-171.4921875,4.796559343434343,41.8449350643912,101.0625,-103.546875,0.6672979797979798,59.67631491770702,122.46875,-156.0625,0
-0.96146240234375,0.25993151967598,-0.53759765625,-2.014892578125,-0.32145263671875,0.1743185058980199,0.43505859375,-0.701416015625,0.2132275390625,0.1243539939087132,0.573486328125,-0.017822265625,11.494870580808081,73.03290002103019,217.1328125,-149.078125,-2.3573232323232323,35.9204135583917,90.6875,-81.3046875,-5.388652146464646,96.4598021180638,206.03125,-150.2890625,0
-0.97440673828125,0.23992960646310196,-0.505615234375,-1.69873046875,-0.3072607421875,0.15395627218715607,0.324951171875,-0.885009765625,0.19958251953125,0.12471828422468971,0.588623046875,-0.126953125,2.1965751262626263,65.28696937868723,186.5546875,-139.6875,2.679135101010101,31.358252158913754,100.296875,-78.9296875,-6.174952651515151,92.76473684159818,253.9921875,-237.40625,0
0.311962890625,0.8361761319389713,1.2685546875,-2.90478515625,0.637509765625,0.3200477401318689,1.3447265625,-0.625,0.65235107421875,1.8910929980083864,8.0,-1.461669921875,2.7709911616161618,76.40497736288104,253.9921875,-113.453125,-7.855823863636363,140.31479874779237,253.9921875,-164.1015625,-15.992660984848484,72.27814775829522,96.078125,-256.0,0
0.15576416015625,1.0614650900463176,1.396240234375,-5.827880859375,0.54931640625,0.6428224566351074,2.377685546875,-1.8505859375,0.48730224609375,1.8639368958199936,7.468994140625,-2.545166015625,-1.2268781565656566,96.81151636333954,232.703125,-222.71875,-18.05902777777778,137.9140080728895,253.9921875,-256.0,-18.79750631313131,75.43189586358787,101.4921875,-256.0,0
0.43121826171875,0.8711865594491959,1.125,-3.52490234375,0.51575927734375,0.48503062192729846,1.53662109375,-1.86279296875,0.62376708984375,1.844130812410583,8.0,-1.454833984375,-0.06178977272727273,70.60555790843657,184.546875,-172.9140625,-3.183712121212121,146.0842708565062,253.9921875,-205.8984375,-0.030303030303030304,46.000640962148054,64.84375,-187.4453125,0
0.4982958984375,0.46442681597218943,1.4375,-1.48193359375,0.416953125,0.3564244825490109,1.349853515625,-0.478515625,0.67906005859375,1.0654370123956705,4.786865234375,-1.2314453125,-1.0935132575757576,52.86482950353362,100.2890625,-152.203125,0.8242582070707071,85.07574747264168,254.265625,-179.609375,-4.916035353535354,25.453451441425898,89.0234375,-96.8203125,0
0.4166650390625,0.7396478026664111,1.376220703125,-2.486328125,0.63791015625,0.6706284134521074,3.10107421875,-1.425048828125,0.5633544921875,2.1143083987626583,8.0,-2.163818359375,-5.3721875,73.93982310514619,253.9921875,-154.234375,-3.4175,164.8902907949328,253.9921875,-210.09375,10.67046875,73.55297312277862,211.5,-157.8046875,0
0.6846728515625,0.3819762569545875,1.2216796875,-2.494873046875,0.30658447265625,0.28094794234874837,1.326171875,-1.093017578125,0.74400146484375,1.234545398614666,7.782958984375,-0.5966796875,1.7574968434343434,51.86822445662677,214.828125,-256.0,-1.9411300505050506,71.73314419107817,196.0234375,-193.953125,-4.229087752525253,22.237283897416642,54.40625,-60.8359375,0
0.60339599609375,0.7899562763045845,1.796142578125,-2.251220703125,0.3384033203125,0.5950822885694932,1.64501953125,-3.576416015625,0.5203857421875,1.9134772351824374,8.0,-2.0087890625,1.576640625,97.96923161199776,253.9921875,-256.4140625,-23.60078125,152.02976504566095,253.9921875,-256.0,-20.057890625,65.33328326149922,159.4765625,-194.9765625,0
-0.03744873046875,1.019280196748056,1.2646484375,-2.7373046875,0.32203125,0.7625353444772222,2.255615234375,-2.498779296875,0.5266357421875,2.066546676133294,8.0,-2.984130859375,-10.967250631313131,88.71725227726321,233.4140625,-221.3203125,4.7428977272727275,160.65093915663047,253.9921875,-224.8515625,15.628866792929292,96.30574901561782,253.9921875,-202.9453125,0
0.555712890625,0.9590096054331996,1.9462890625,-4.556884765625,0.4246826171875,0.7078238703170242,1.747314453125,-2.11328125,0.49222900390625,2.2293824878240165,8.0,-2.4853515625,-19.68813131313131,111.31701305565139,253.9921875,-223.390625,-7.101010101010101,170.68891360493635,253.9921875,-222.34375,1.8066603535353536,88.30709981044954,154.7265625,-209.34375,0
-0.88394775393,0.1283097324850062,-0.548339844,-1.175537109,-0.19932373051,0.09594135299647766,0.023681641,-0.395019531,0.43593261721,0.059864557488577996,0.566894531,0.282470703,-0.9012784090909091,18.738475403101205,44.1171875,-48.6953125,-0.7099116161616161,7.663552247702617,15.09375,-24.421875,-1.9777462121212122,15.304052865022154,39.96875,-45.15625,0
-0.92464111328125,0.20075177538159159,-0.478271484375,-1.959716796875,0.18839111328125,0.09407159561715388,0.400390625,-0.182861328125,0.3360400390625,0.16333780059576603,1.33544921875,0.09716796875,0.11560921717171717,54.051141145703895,192.375,-180.0703125,-1.3062657828282829,27.459776045163732,42.4375,-100.03125,-1.5136521464646464,44.05224863487223,94.7578125,-100.4453125,0
-0.9134204102699998,0.12196022211570996,-0.533203125,-1.234619141,-0.02315429684,0.10526560528093715,0.209228516,-0.261474609,0.3988989257899999,0.06120122811943245,0.504394531,0.104003906,-0.6631155303030303,37.671310147140474,103.1953125,-175.828125,-1.449258207070707,11.656616922436797,21.7421875,-32.6171875,-1.3661616161616161,12.362191527159231,41.90625,-31.5703125,0
-0.935791015625,0.189840751592874,-0.481201171875,-1.726318359375,0.1688525390625,0.20119764375548813,0.40869140625,-1.090576171875,0.28074462890625,0.1827705115165415,1.07080078125,-0.337646484375,3.722143308080808,56.170996336973246,161.796875,-186.015625,1.8760258838383839,39.820007403576625,108.8203125,-147.9375,-4.304924242424242,43.21722648878013,118.296875,-86.703125,0
-0.8857861328799999,0.18574037883576847,-0.477050781,-1.701904297,-0.18830322269999997,0.1663173466371347,0.083984375,-0.559082031,0.39147460942,0.10274359644280052,0.814208984,0.109863281,-2.7892203282828283,32.192227548045764,92.0390625,-78.421875,1.7956123737373737,12.353496878395402,57.0,-30.1171875,-0.29332386363636365,24.74965911428655,62.4453125,-76.6328125,0
-0.93482177734375,0.18000124353071986,-0.42138671875,-1.560302734375,0.1904248046875,0.177955389350233,0.698974609375,-1.158935546875,0.2926611328125,0.29337772890015584,1.944580078125,-0.02587890625,0.11332070707070707,58.18994521024089,176.7109375,-169.0390625,4.456676136363637,29.08498616466873,102.046875,-66.6171875,2.863873106060606,27.098221252432896,123.421875,-70.8515625,0
-0.843974609375,0.2338242931925062,-0.407958984375,-1.41357421875,0.05379150390625,0.1227651661857857,0.482421875,-0.202880859375,0.42960205078125,0.28364960170408904,1.000244140625,0.05908203125,10.555713383838384,30.5133964052181,111.1328125,-66.5,11.548137626262626,31.49780783893222,103.453125,-33.3671875,-11.318102904040405,26.877879501682592,32.515625,-104.5,0
-0.94491943359375,0.16418152585975568,-0.599365234375,-1.6142578125,0.19203857421875,0.1770706968305428,1.51416015625,-0.24609375,0.30214599609375,0.2290572468336113,1.634033203125,-0.0078125,7.321496212121212,39.94560608273436,137.3984375,-125.34375,-1.260022095959596,26.34471930245571,42.8671875,-191.921875,-0.37697285353535354,17.652189202934117,48.1875,-104.921875,0
-0.9155224609375,0.15100751899478757,-0.492919921875,-1.38232421875,0.0516552734375,0.10544711522623659,0.3125,-0.217041015625,0.38383544921875,0.07346973681547743,0.528564453125,0.23291015625,-4.491319444444445,40.753548710776265,95.9609375,-237.296875,-1.4800347222222223,18.58442154104687,54.125,-36.359375,-0.8167613636363636,14.89116129485236,40.7890625,-42.3046875,0
-0.97224853515625,0.18533818462559518,-0.51416015625,-1.94384765625,0.09272705078125,0.21076312082598647,0.701171875,-1.332763671875,0.31824951171875,0.16325929986992055,1.240478515625,-0.001708984375,-10.496133207070708,52.12132140167491,119.9609375,-219.125,-0.09154040404040405,44.28802818982945,89.7578125,-137.15625,-2.664299242424242,58.009229355066495,113.90625,-133.90625,0
-0.9227978515625,0.1640720167760402,-0.47509765625,-1.3984375,-0.06835693359375,0.10354527747627351,0.176513671875,-0.336181640625,0.42231201171875,0.07282695033385046,0.59375,0.23583984375,-0.5032354797979798,32.8018364032535,116.1484375,-68.9296875,-0.27982954545454547,17.900079254380884,33.9140625,-54.8125,-4.372238005050505,19.013604454379273,52.0546875,-41.8359375,0
-0.94871337890625,0.13479903652270617,-0.61474609375,-1.61083984375,0.0989697265625,0.13627787444883674,0.691650390625,-0.345703125,0.30603271484375,0.16516590005404494,1.1044921875,-0.041748046875,-13.439921875,36.200653351762625,57.8125,-174.8125,-2.05421875,25.866339574312267,66.4296875,-92.2109375,-2.293046875,42.60332414428844,108.90625,-123.1796875,0
-0.95260009765625,0.16646171102291712,-0.5615234375,-1.42578125,-0.07523681640625,0.14144741346499778,0.35205078125,-0.735107421875,0.342685546875,0.10260202284895337,0.754150390625,0.127685546875,-5.030618686868687,35.324085570494404,164.5546875,-86.0546875,1.1472537878787878,39.532148540569494,158.2578125,-66.015625,0.0863320707070707,20.174478123794024,62.1484375,-64.2734375,0
-0.95822509765625,0.1589993552571246,0.006591796875,-1.343505859375,-0.14424072265625,0.09050432717927101,0.075439453125,-0.321533203125,0.31754638671875,0.06806556607005615,0.525390625,0.169677734375,-6.4333964646464645,40.53452522045605,129.265625,-137.453125,2.993844696969697,15.270861725955363,40.2109375,-42.5859375,-0.2795138888888889,13.619129475922495,43.6953125,-28.40625,0
-0.92895263671875,0.12326497682470383,-0.614013671875,-1.2724609375,-0.17182861328125,0.08469602967693961,0.06640625,-0.385498046875,0.348359375,0.0627337403223752,0.515380859375,0.185302734375,-3.396859217171717,17.401310682911745,34.96875,-42.8671875,0.4060921717171717,12.813963965187819,22.84375,-39.65625,-1.7404513888888888,10.291039121695809,22.3203125,-24.3671875,0
-0.955,0.49072206700835264,-0.05322265625,-2.6435546875,-0.296640625,0.1823673629835071,0.06689453125,-0.81640625,0.32348876953125,0.15719202833307802,0.857421875,0.039306640625,-9.847222222222221,86.03156560741586,253.9921875,-222.4765625,-7.379261363636363,35.62330736000986,75.0234375,-144.1875,2.381155303030303,97.54463286883625,253.9921875,-256.0,0
-1.0040283203125,0.428178520059474,-0.23681640625,-2.37841796875,-0.333544921875,0.1652940033802862,0.127197265625,-0.760498046875,0.35310302734375,0.1747160231961359,0.77099609375,-0.005126953125,-15.884627525252526,93.29364969268343,252.5390625,-228.875,-1.9356060606060606,48.80435478349217,86.3984375,-127.84375,-9.68978851010101,125.89552675510787,253.9921875,-256.0,0
-0.97141845703125,0.5065483065092816,-0.0966796875,-2.567626953125,-0.33733642578125,0.14191819081810533,-0.04052734375,-0.72607421875,0.31201416015625,0.15794586549786543,0.728759765625,-0.02490234375,-10.580886994949495,66.43030162062588,234.15625,-196.6953125,1.7372159090909092,37.63545466230843,108.2421875,-124.328125,1.1408617424242424,105.32502734000109,231.9140625,-256.0,0
-0.93998779296875,0.4002956470438058,-0.2861328125,-2.281005859375,-0.3565869140625,0.1433692083910113,-0.01806640625,-0.75146484375,0.3547265625,0.14001277286300998,0.715087890625,0.047119140625,-10.468434343434344,83.25861504353999,253.9921875,-172.0,3.221669823232323,41.97749732894966,88.71875,-107.21875,-16.468434343434343,106.56450107327674,206.6796875,-256.0,0
-0.93705322265625,0.47220198948616565,-0.03271484375,-2.18359375,-0.34876953125,0.15135529628191224,-0.033203125,-0.89013671875,0.3473193359375,0.13071704824545066,0.70654296875,0.11279296875,-15.400410353535353,76.99117467652404,218.5625,-187.34375,-6.665246212121212,33.39096615999953,60.7734375,-154.25,14.499684343434344,96.6144063054767,253.9921875,-256.0,0
-0.9687548828125,0.5331611454462072,-0.181640625,-3.015380859375,-0.2954931640625,0.20302895907612203,0.33642578125,-1.333251953125,0.33638671875,0.15524994570966127,0.8271484375,-0.0029296875,-10.079071969696969,88.9024503989549,253.9921875,-216.453125,-4.637310606060606,50.16020150182133,118.515625,-173.859375,14.591777146464647,123.44482939449911,253.9921875,-256.0,0
-0.94879638671875,0.2317986805777689,-0.494384765625,-1.696533203125,-0.3111767578125,0.09424671940950216,-0.054443359375,-0.506103515625,0.2727294921875,0.1352306337682001,0.5205078125,-0.019775390625,-0.01167929292929293,53.547973861509206,134.40625,-118.921875,3.8229166666666665,25.48217900206922,51.25,-74.703125,7.138573232323233,99.33453636277801,181.578125,-193.5,0
-0.7559644911024306,0.26814076848553814,0.013916015625,-0.966064453125,-0.5057339138454862,0.2271283161783395,-0.298828125,-1.08349609375,0.2082485622829861,0.10568191817021153,0.452392578125,-0.2197265625,-2.1700044014084505,20.294911825420087,104.609375,-86.625,2.9987896126760565,19.908794623931584,70.4296875,-40.4765625,17.94476232394366,34.433776457870486,118.0703125,-4.875,0
-0.9329736328125,0.21228204213700344,-0.528564453125,-1.707763671875,-0.31671142578125,0.08323356089651261,-0.15771484375,-0.50146484375,0.28660888671875,0.10227111903645643,0.513671875,-0.004150390625,1.1418087121212122,37.925681698710875,101.1640625,-73.1171875,6.55926452020202,18.219943114667146,50.8359375,-39.640625,-11.538273358585858,85.81060412496738,144.4375,-212.1171875,0
-0.95556884765625,0.20772629719638022,-0.59765625,-1.4697265625,-0.3333837890625,0.08247809220362769,-0.16015625,-0.5556640625,0.29694580078125,0.09717557051937442,0.508056640625,0.09033203125,-0.8837594696969697,40.32888918912205,101.4453125,-117.7578125,5.47979797979798,19.25288671554311,41.453125,-44.0625,-10.865135732323232,77.29085291283167,185.921875,-195.1640625,0
-0.962880859375,0.21882045951690415,-0.651611328125,-1.72900390625,-0.28078857421875,0.08425202694245928,-0.0595703125,-0.50146484375,0.261396484375,0.10377510732168714,0.50732421875,0.033203125,-8.861426767676768,44.36616392614296,93.328125,-93.890625,1.6485953282828283,28.163813749264826,55.765625,-51.8125,2.4509943181818183,87.88297145280542,160.796875,-206.4921875,0
-1.01578369140625,0.28222577975999463,-0.43994140625,-1.731689453125,-0.29516357421875,0.11085247217238346,-0.113525390625,-0.579833984375,0.262861328125,0.1148422494388043,0.589111328125,-0.001220703125,-3.675662878787879,55.58868454111987,125.6875,-142.25,-1.4296875,24.239992847468912,44.3046875,-64.7890625,-5.125789141414141,98.69610108852545,154.0703125,-202.484375,0
-0.93597412109375,0.2862103507534556,-0.357177734375,-1.90869140625,-0.31791748046875,0.0786841690700731,-0.05322265625,-0.5166015625,0.29596923828125,0.10968623046466357,0.46533203125,-0.00244140625,-5.23705808080808,51.544363562189716,150.515625,-119.609375,5.054371843434343,19.21898850269267,54.0703125,-44.0390625,-2.4070391414141414,73.483220848504,165.046875,-225.671875,0
-0.23203369140625,1.1018988865915493,1.20849609375,-4.140380859375,-0.02411865234375,0.3044631176689621,0.891845703125,-0.6298828125,0.33125732421875,0.2460996525495596,1.489501953125,-0.206298828125,-14.054214015151516,68.10151190619581,117.171875,-256.0,17.614425505050505,74.10205088260446,253.9921875,-91.4375,-1.08136047979798,66.93819041237685,253.9921875,-137.2265625,0
-0.17545654296875,0.8243386739509982,1.026123046875,-1.376220703125,0.1141796875,0.4837455990317595,1.887939453125,-0.54150390625,0.37815673828125,0.2876108562348235,1.5537109375,-0.134033203125,-14.320549242424242,79.95426773903759,253.9921875,-256.0,0.4965277777777778,72.67660276551021,253.9921875,-226.328125,6.099195075757576,78.39837804860765,253.9921875,-256.0,0
-0.2237109375,0.8775996118776354,1.151123046875,-2.323486328125,0.01829833984375,0.3041595450257806,0.95263671875,-0.555908203125,0.4057177734375,0.24379571676685094,1.662109375,0.086669921875,-7.541193181818182,89.3300519282303,253.9921875,-256.0,11.093907828282829,73.60940156697274,253.9921875,-200.8515625,8.037405303030303,82.21849985943311,253.9921875,-168.9453125,0
-0.12519775390625,0.8543288269451715,1.3974609375,-1.000732421875,0.1808154296875,0.38048477731272773,1.652587890625,-1.07861328125,0.3651025390625,0.2160179384187019,1.213623046875,-0.298095703125,1.2646780303030303,71.77486472431475,225.9296875,-147.0546875,-10.211568813131313,53.094800521652466,108.15625,-192.34375,-25.00489267676768,69.15129003969174,197.7890625,-256.0,0
-0.3872021484375,0.8128831627359807,1.143798828125,-1.618896484375,0.14712646484375,0.44095686955154795,1.8828125,-0.517333984375,0.41202880859375,0.2832288723626431,1.565673828125,-0.084716796875,-3.4467329545454546,96.79976480905015,253.9921875,-256.0,3.419034090909091,90.56402475824336,253.9921875,-188.5703125,-4.099826388888889,105.56355170181288,253.9921875,-256.0,0
-0.0430419921875,0.8506459183681951,1.572021484375,-1.114990234375,0.20209228515625,0.45225023328138275,1.65673828125,-0.671630859375,0.3335791015625,0.1764283108157742,0.84521484375,-0.01318359375,-18.140940656565657,73.77008017066535,128.6328125,-256.0,11.359296085858587,34.412358933426404,139.15625,-65.875,20.695075757575758,77.43732783652794,253.9921875,-88.046875,0
-0.13434326171875,0.8333350210725067,1.169677734375,-1.40478515625,0.00924072265625,0.35052695689395486,1.317626953125,-0.7607421875,0.4309326171875,0.3305749285231877,1.96435546875,-0.081787109375,-6.469144570707071,73.55315566856413,132.0546875,-256.0,7.718671085858586,79.44024482277888,253.9921875,-182.796875,4.49487058080808,92.61211329594546,253.9921875,-180.515625,0
-0.29529296875,0.8794441994373989,1.27001953125,-2.316650390625,0.0705078125,0.267623111256719,1.127685546875,-0.52734375,0.47220703125,0.3027712768115364,1.439697265625,-0.0888671875,-4.116792929292929,83.45992719545103,237.5703125,-256.0,-2.2140940656565657,95.35311367507902,253.9921875,-235.3515625,0.9923453282828283,105.10590587017177,253.9921875,-191.09375,0
-0.119892578125,0.8514185510321864,1.087158203125,-1.575927734375,0.111005859375,0.42883217716370053,1.1875,-0.707763671875,0.38760986328125,0.2335505834774919,1.132080078125,-0.21484375,-22.6411773989899,70.14706384747471,102.96875,-256.0,15.684580176767676,54.55531238031427,219.0625,-52.1796875,10.367976641414142,70.82227071881461,253.9921875,-79.9609375,0
-1.0416430664799998,1.0395371965479385,0.957275391,-3.258300781,0.0520996008,0.15701657794167975,0.470703125,-0.508300781,0.29176025393000005,0.13115851247260255,0.615478516,-0.142333984,-1.426925505050505,60.35201532565576,215.0703125,-181.8515625,2.717566287878788,50.972117606143875,144.53125,-131.71875,2.847064393939394,53.994505107446756,145.5703125,-149.75,0
-0.5303955078125,0.8557461512654866,0.591552734375,-3.835205078125,0.65404541015625,1.0026678894464767,3.80126953125,-0.540771484375,0.3526806640625,0.3644780618491503,1.262939453125,-0.091796875,-1.9125631313131313,43.79181585069817,106.6484375,-128.234375,5.409248737373737,28.420723643804326,95.6171875,-57.953125,9.069839015151516,66.7021142556026,253.9921875,-100.2734375,0
-0.95010986054,1.4581967908771758,2.621826172,-5.162597656,-0.06246337888999998,0.3037524726373003,0.925048828,-0.842285156,0.37652832039000006,0.24362828723654226,1.12890625,-0.114501953,-2.747238005050505,85.27447516810827,253.9921875,-211.7734375,4.291035353535354,98.07136635201296,253.9921875,-237.5859375,-1.6652462121212122,100.79918138872017,253.9921875,-254.640625,0
-0.62103271484375,1.0378812987626775,0.523193359375,-4.556640625,0.515341796875,0.834658567212064,2.98193359375,-0.439208984375,0.50534912109375,0.6313514402248103,2.441162109375,-0.207763671875,-6.824258207070707,64.47380469989838,121.7109375,-256.0,9.686789772727273,55.63981844654206,249.0078125,-74.484375,6.272411616161616,79.94868151567613,253.9921875,-130.3359375,0
-0.8815454101900001,1.2419966697517308,1.822021484,-4.254150391,-0.0418017578,0.20830347842846006,0.728759766,-0.861083984,0.42861816414,0.3094129977584,1.329101563,-0.212646484,-5.643150252525253,85.98257803056586,246.1640625,-212.859375,-1.3567708333333333,58.831066181238185,171.3828125,-186.765625,5.071575126262626,62.65004629066743,191.7109375,-165.6640625,0
-0.18147216796875,0.6693132761850042,0.69970703125,-2.40869140625,0.69208251953125,1.0941733357675254,3.883544921875,-0.58349609375,0.6800048828125,0.8431731374895965,3.154052734375,-0.3701171875,2.748816287878788,78.41556870909493,253.9921875,-214.8515625,8.862768308080808,50.072058143730736,147.7265625,-104.1171875,-1.9002525252525253,55.018885864160325,139.0078125,-95.7734375,0
-0.3427978515625,0.510060996937883,0.96875,-1.97021484375,-0.1447509765625,0.40657688414500615,0.5712890625,-1.488525390625,0.85020751953125,1.0180350090326549,3.71044921875,-0.59765625,-1.4147727272727273,64.26755097207509,209.78125,-148.3203125,-0.5584753787878788,48.19943482791653,158.4296875,-110.5625,-1.7566287878787878,47.94490928476477,149.75,-170.390625,0
-0.42395751953125,0.8240635147746683,1.100341796875,-4.205078125,0.651630859375,1.0604909480570541,4.480712890625,-1.4638671875,0.4865673828125,0.5493099055387917,2.140380859375,-1.014892578125,4.392992424242424,49.43707349584033,214.734375,-118.046875,-7.643229166666667,59.75845561738866,253.9921875,-226.484375,-8.319049873737374,73.3241329565777,253.9921875,-149.5,0
-0.40885498046875,0.7294704850161537,0.553955078125,-2.453125,-0.12651123046875,0.624892622969704,1.01708984375,-3.0947265625,0.85637939453125,0.9741745167734246,3.649658203125,-0.281005859375,-10.333964646464647,119.52224408899798,254.4296875,-256.0,-13.07623106060606,70.25185905716688,252.7890625,-170.28125,3.3313604797979797,84.42695255538861,150.2890625,-256.0,0
-0.33590087890625,0.7752569998227083,0.4189453125,-4.0,0.606982421875,0.8667159432530281,2.44970703125,-0.506103515625,0.7802392578125,0.8422316424774501,2.822509765625,-0.328125,-0.44375,71.83180798013727,234.640625,-252.1953125,0.473828125,50.96457221744702,211.2109375,-84.953125,-3.0228125,64.7068006634512,253.9921875,-123.4375,0
-0.11413330078125,0.5404202315947725,0.615478515625,-2.08935546875,-0.3278271484375,1.1992775543308627,2.443115234375,-6.268310546875,1.0697021484375,1.4356675960098826,3.93359375,-0.624267578125,4.140309343434343,139.8774522491966,253.9921875,-256.0,13.989030934343434,66.06118000332546,215.9609375,-87.7109375,-7.969302398989899,106.69061066187975,248.234375,-224.4453125,0
-0.33821044921875,0.9728618981655363,0.59326171875,-3.518310546875,0.7336669921875,1.2392826002691586,4.098876953125,-0.763916015625,0.57186767578125,0.6223181843325138,2.99755859375,-0.19482421875,-1.3444602272727273,118.24282421100523,253.9921875,-256.0,5.955886994949495,52.52946593166869,131.9921875,-256.0,0.6534090909090909,73.01254467826699,253.9921875,-138.1875,0
-0.88890869140625,0.9737310156575341,1.64990234375,-4.8017578125,-0.12435546875,0.24186696534525645,0.37109375,-1.2392578125,0.3888720703125,0.22180080349873815,1.38427734375,-0.086669921875,-2.046875,48.69541125968809,179.8671875,-119.7109375,-9.393702651515152,56.401990462794615,138.6953125,-169.65625,-1.8261521464646464,78.17008329361542,253.9921875,-234.140625,0
-0.8856494140625,0.9122177345751393,1.185546875,-5.443115234375,-0.09911376953125,0.2818324827430559,0.558349609375,-1.406982421875,0.28509765625,0.21457114418989467,1.03125,-0.8662109375,-3.9139046717171717,59.0947914507082,227.765625,-123.1328125,-2.377683080808081,54.44939569976098,253.9921875,-121.9375,0.08948863636363637,57.69051292899419,253.9921875,-200.8671875,0
-0.10864746097000001,0.7537380825592038,1.716064453,-2.169189453,-0.81708251954,1.4310513579213398,0.799316406,-6.542480469,0.71050292975,0.8895100616450381,2.966308594,-0.571289063,-4.452730429292929,118.34742474015492,253.9921875,-256.0,-21.513494318181817,82.93005050662144,253.9921875,-176.9296875,-26.022964015151516,122.71927533364165,253.9921875,-256.0,0
-0.15698974613,0.5549300644358132,1.468994141,-1.742675781,-0.56881103513,0.8275986884001214,0.920410156,-3.416259766,0.7984277329900001,0.8163628616690501,3.690185547,-0.415039063,-3.8636363636363638,106.0112378428208,253.9921875,-256.0,-20.764599116161616,53.93147919903002,161.140625,-149.28125,-25.478535353535353,124.73792338890983,203.890625,-256.0,0
-0.11991943364,0.4850149820908522,1.016845703,-1.221191406,-0.75486572269,1.0092389580521364,0.8828125,-5.35546875,0.8791137695500001,0.7286956175423412,2.513427734,-0.503417969,4.399068813131313,97.4720667643677,253.9921875,-175.9140625,-19.062736742424242,61.27886728237176,140.8828125,-213.9921875,-22.066051136363637,142.5625187912891,238.3671875,-256.0,0
-0.2889755458047945,0.7959243062295228,1.517333984375,-1.70263671875,-0.8281550995291096,1.3980883784544313,1.10791015625,-5.9013671875,1.2252180543664384,1.2413364288280841,3.514892578125,-0.584716796875,-56.932400173611114,148.48137566077935,253.9921875,-256.0,-3.944552951388889,81.94176190247384,251.8515625,-165.078125,27.65744357638889,158.17494843850452,253.9921875,-256.0,0
-0.1150537109375,0.6451338223868739,1.924560546875,-1.5048828125,-0.638857421875,1.1550676182774415,0.464599609375,-4.214111328125,0.94155517578125,1.1706730708050248,4.5908203125,-0.556396484375,-7.019176136363637,117.56548852714548,253.9921875,-256.0,-9.784643308080808,79.53560184205077,228.25,-159.6484375,-44.90411931818182,137.1595904728621,253.9921875,-256.0,0
-0.39234619140625,0.6060339448054857,0.81103515625,-2.126953125,-0.35898193359375,0.8755072886746625,0.7158203125,-3.63427734375,0.9646630859375,0.9277009448772306,3.189208984375,-0.376953125,-7.528724747474747,111.78478421901066,253.9921875,-256.0,-21.665640782828284,79.52244639205652,139.421875,-256.0,-25.419507575757574,139.43310250757432,253.9921875,-256.0,0
-0.08650146484375,0.5853067025835917,1.349365234375,-1.80810546875,-0.790888671875,1.4158825101089978,0.459716796875,-5.882080078125,0.77633544921875,1.048995160292938,3.76708984375,-0.51806640625,-21.181581439393938,114.13073068280794,253.9921875,-256.0,-13.846354166666666,91.80200394681891,253.9921875,-256.0,-29.997790404040405,117.34374743629074,201.796875,-256.0,0
-0.11558837890625,0.7359781876633094,1.0576171875,-2.589599609375,-0.6591748046875,1.3640695460204175,0.578369140625,-6.40234375,0.7992333984375,1.0915416550086166,3.66943359375,-0.45068359375,-8.742108585858587,109.02816810078198,253.9921875,-256.0,-14.520833333333334,91.89651990258372,253.171875,-256.0,-15.115530303030303,130.724200189151,253.9921875,-256.0,0
-0.34625976565,0.5184612000229005,0.448242188,-1.516845703,0.27962402347999993,0.27928533835656305,1.124755859,-0.335449219,0.7210986329000001,0.38191592852719,2.512695313,-0.148193359,-16.489030934343436,60.007433980301826,181.34375,-256.0,-9.395912247474747,40.94803777532806,96.5703125,-133.625,-12.213541666666666,55.69531629128805,67.1953125,-224.109375,0
0.0362744140625,0.5496449236621603,1.2001953125,-2.278564453125,0.08121337890625,0.5377003200809132,1.9326171875,-0.93994140625,0.81193359375,0.46295455668821334,2.971435546875,-0.204345703125,0.756707702020202,79.3247388241203,253.9921875,-256.0,-11.459832702020202,90.49737614857843,252.2109375,-256.0,-24.21527777777778,61.844039948200994,122.53125,-203.5859375,0
-0.6010449219400001,0.5471655235565123,0.333007813,-2.442382813,0.31017333988999995,0.4013539280392533,1.603759766,-0.329833984,0.45548828557,0.23690202030040053,1.164550781,-0.171386719,-4.662484217171717,78.62825081261211,234.8046875,-256.0,-2.959359217171717,69.88969391966211,138.640625,-247.8125,13.39196654040404,53.37204530485026,181.1875,-70.296875,0
-0.2980810546875,0.6500160580448835,2.259765625,-1.635986328125,0.350595703125,0.32747376606242284,2.060546875,-0.3984375,0.56479736328125,0.490024342437094,2.8896484375,-0.880615234375,-14.122869318181818,78.3182130275907,253.9921875,-256.0,14.413431186868687,61.15127985715723,231.7890625,-95.0390625,13.27099116161616,55.253147065320384,250.3984375,-140.2734375,0
-0.60902832033,0.5399465959659093,0.21484375,-1.783935547,0.3284692382700001,0.4529559157373092,1.197753906,-0.444824219,0.31533935551,0.31419195603428657,0.864990234,-0.616699219,-4.916114267676767,97.16621773941854,253.9921875,-256.0,-13.404119318181818,74.08773868375589,147.5234375,-186.0,2.3832070707070705,60.2963881533403,243.734375,-184.6953125,0
-0.11559326171875,0.5494009521037563,1.14208984375,-1.38525390625,0.502119140625,0.4391301410199282,1.835693359375,-0.509765625,0.5258544921875,0.3493206848274956,1.463134765625,-0.347412109375,1.56015625,54.03267939409338,220.984375,-138.421875,2.23078125,74.55232706446888,187.0546875,-211.265625,17.790859375,64.33684874179158,214.640625,-73.6953125,0
-0.61576416015625,0.5339608824835644,0.279296875,-1.629150390625,0.225595703125,0.5225925605412293,1.20556640625,-1.52197265625,0.428515625,0.2736421810836256,1.418212890625,-0.2431640625,7.999131944444445,89.47749941458275,192.5390625,-256.0,-7.245265151515151,81.66893228755423,142.265625,-256.0,12.699573863636363,68.15610267601006,253.9921875,-98.203125,0
-0.424912109375,0.5227569281485197,0.985595703125,-1.88916015625,0.20515380859375,0.4081581575658547,2.3291015625,-0.337158203125,0.52501953125,0.5653538064115483,1.96728515625,-0.70263671875,-21.395438762626263,73.3304264613307,141.578125,-256.0,5.90261994949495,49.71138430374817,173.1015625,-74.765625,2.743292297979798,51.86704445244053,162.515625,-164.6640625,0
-0.1600537109375,0.4570507132534767,0.468994140625,-1.30322265625,0.65959228515625,0.4479610659536034,2.412109375,-0.275634765625,0.300302734375,0.38723916830499394,1.437744140625,-1.221435546875,-7.385574494949495,53.31872109093669,234.25,-187.78125,-8.85692866161616,67.55994733888039,117.859375,-202.734375,-11.625946969696969,34.19828737734668,50.1015625,-126.3515625,0
-0.407802734375,0.5431417741369112,1.04833984375,-1.65869140625,0.0920751953125,0.26024874402163634,1.1796875,-0.421630859375,0.64369873046875,0.5304645016743095,1.617919921875,-0.564208984375,-26.082734375,58.467579419140876,113.9921875,-256.0,12.12109375,49.7647536655961,164.984375,-92.7578125,7.071796875,54.06924990258397,162.3515625,-114.875,0
-0.62346435546875,0.5805334579268492,0.49755859375,-2.36328125,0.296318359375,0.5142512546907881,1.314697265625,-1.1884765625,0.36407958984375,0.27253112076086045,1.083740234375,-0.357421875,-3.784011994949495,91.54669042445317,253.9921875,-256.0,-5.906723484848484,89.99810156616668,160.0859375,-256.0,6.707070707070707,58.606759765439726,253.9921875,-123.6875,0
-0.44021484375,0.5631868939780108,1.227294921875,-1.786865234375,0.07215576171875,0.2602645153295213,1.463623046875,-0.674072265625,0.585078125,0.5937230209244356,2.64697265625,-0.98193359375,-24.000315656565657,60.078903965975194,153.859375,-208.6640625,13.8515625,55.27089091266604,177.453125,-87.2109375,7.1581439393939394,42.96652594236847,207.953125,-90.0234375,0
0.24566650390625,0.5259531025093668,1.6103515625,-1.18115234375,0.66347412109375,0.26677680792120406,2.195068359375,0.176025390625,0.48754150390625,0.26996527504806817,1.2373046875,-0.4775390625,0.9977904040404041,50.03143312681102,242.953125,-132.7109375,-6.842487373737374,35.702796869469964,68.0703125,-107.0234375,-19.0703125,57.43788055123793,65.8203125,-195.5390625,0
-0.1422412109375,0.673271273549907,1.179443359375,-1.751220703125,0.577705078125,0.518700638778055,2.62646484375,-1.62255859375,0.233427734375,0.28800077627660187,0.794921875,-0.467041015625,-4.864583333333333,74.2771302239628,228.2265625,-256.0,-4.729166666666667,50.161961743378896,93.625,-203.8046875,18.666114267676768,57.80412031674019,253.9921875,-46.6484375,0
-0.4303173828125,0.5634392157648571,0.51708984375,-1.1318359375,0.29037353515625,0.34727443285693854,1.457763671875,-0.267822265625,0.4317724609375,0.42086284360559173,1.135986328125,-0.40625,-7.959201388888889,64.03766061113691,253.9921875,-196.1796875,-6.580334595959596,35.60724423781869,82.15625,-94.734375,24.411931818181817,41.08013911954066,122.2265625,-33.0,0
-0.12990966796875,0.6522705191390824,0.68994140625,-1.21484375,0.12097412109375,0.6964137569405465,1.262939453125,-0.77978515625,0.28339599609375,0.33952918969734847,0.70458984375,-0.76416015625,-8.465356691919192,92.65614966162369,253.9921875,-256.0,-5.403803661616162,38.789176891902606,91.6875,-103.5546875,26.68813131313131,75.70269960904525,253.9921875,-66.828125,0
-0.35007568359375,0.5387901669716825,0.690185546875,-1.3720703125,0.55185791015625,0.45086511145250585,1.448486328125,-0.569580078125,0.11687744140625,0.3205722051044978,0.755126953125,-0.779541015625,5.913904671717172,74.0247200496534,223.828125,-214.0390625,14.151988636363637,49.68355905354789,145.96875,-123.1875,-31.63738952020202,57.931232179931115,58.421875,-214.5859375,0
-0.14072509765625,0.7254084284235374,0.816650390625,-1.311279296875,0.09184814453125,0.5706999576122999,1.4375,-0.579833984375,0.35433349609375,0.33565454742785433,0.71875,-0.83349609375,-9.47009154040404,86.29124121399254,186.1328125,-256.0,0.08191287878787878,30.19842555576919,55.328125,-95.140625,25.62010732323232,78.48208675178896,254.3671875,-100.4765625,0
-0.0303369140625,0.6388093205469787,0.781005859375,-1.02001953125,0.42805419921875,0.4073936323798795,1.200927734375,-0.09375,0.47408935546875,0.2546641418768665,0.7783203125,-0.180419921875,-14.398832070707071,53.277343483833135,106.3671875,-139.296875,1.5349589646464648,21.783582861935415,47.984375,-67.6015625,25.43063446969697,61.34478871188596,215.8125,-51.6328125,0
-0.1697998046875,0.7015265691345215,0.7041015625,-1.19970703125,0.05575927734375,0.5780172029931085,1.244140625,-0.694091796875,0.37131591796875,0.32425444642233714,0.821044921875,-0.65771484375,-17.562342171717173,85.64996289453703,163.65625,-256.0,-3.1051136363636362,30.270053915929203,80.921875,-90.3984375,27.78843118686869,71.67420551568334,253.9921875,-68.0546875,0
-0.0698193359375,0.6553759821648507,0.7275390625,-0.96240234375,0.276044921875,0.5127156430585849,1.4375,-0.37841796875,0.4456005859375,0.2886673394080451,0.8330078125,-0.12939453125,-12.927162247474747,58.810387298281924,94.1171875,-233.625,4.336805555555555,22.819710799130586,54.375,-69.515625,26.179214015151516,71.41027863301727,236.8984375,-88.75,0
-0.1867333984375,0.6801348571252339,0.593505859375,-1.32958984375,0.04236572265625,0.6319530683478053,1.507080078125,-0.7177734375,0.37919189453125,0.19842952818890247,0.70947265625,-0.16259765625,-18.22427398989899,65.36596355777213,123.828125,-240.6171875,4.22103851010101,27.149901601765258,82.34375,-76.0234375,25.71725063131313,74.26677953726369,253.9921875,-74.796875,0
-0.29320556640625,0.6817398326611869,0.781005859375,-1.12109375,0.44743408203125,0.34564169420034085,1.36669921875,-0.06787109375,0.31755859375,0.28581214842033326,0.779052734375,-0.25146484375,-16.7098327020202,45.064428949916326,62.390625,-186.8203125,-3.911300505050505,21.123200900230962,43.9921875,-82.375,28.064551767676768,70.16764968547771,253.9921875,-51.1015625,0
-0.15702392578125,0.7324866760518194,0.7138671875,-1.197509765625,0.18077392578125,0.4705361343100389,1.2890625,-0.40087890625,0.395068359375,0.26090382569996423,0.77490234375,-0.14697265625,-9.92645202020202,67.27698578899573,134.34375,-243.0546875,7.009864267676767,29.71017684106314,95.8046875,-77.578125,14.719144570707071,89.34259358826041,253.9921875,-256.0,0
-0.1242724609375,0.6394326189652944,0.641845703125,-1.190185546875,0.1084619140625,0.6842974036308658,1.266845703125,-0.75048828125,0.346328125,0.2054240459357311,0.72314453125,-0.192626953125,-23.16524621212121,65.59497986257864,92.3203125,-256.0,5.814867424242424,26.910920181186793,72.2890625,-48.2734375,27.299005681818183,69.07281602891135,253.9921875,-49.484375,0
-0.0966845703125,0.7062587247832849,0.8427734375,-1.078369140625,0.30081787109375,0.42886547231778566,1.468017578125,-0.335693359375,0.4218798828125,0.3146810996153833,0.906005859375,-0.164306640625,-18.023516414141415,60.900667292337246,149.8671875,-214.640625,-1.9731691919191918,29.476508070768926,73.4609375,-82.625,20.515940656565657,78.66051119271138,253.9921875,-61.609375,0
-0.47309167606314434,0.3960754201440906,0.072998046875,-1.091796875,0.6363110099871134,0.279444173998997,1.14794921875,-0.398681640625,0.042128100837628864,0.3364553088840222,0.654052734375,-0.52978515625,-5.64599609375,65.278899255029,185.8203125,-233.6171875,2.071044921875,46.530446808644044,98.21875,-175.78125,-11.526448567708334,26.627582344102198,32.375,-115.125,0
-0.65787109375,0.306834930321141,-0.033203125,-1.510009765625,0.14937744140625,0.3426667856648455,0.82666015625,-2.09716796875,0.6581591796875,0.2828956510850055,1.361083984375,0.030517578125,1.6926294191919191,68.34279461767817,253.9921875,-144.875,-4.213068181818182,37.68619553547086,82.9921875,-105.1328125,-9.910116792929292,56.7596334580375,171.0546875,-113.2890625,0
-0.74592529296875,0.32443773103160856,-0.033203125,-1.616943359375,0.1515771484375,0.3152970905527234,0.836669921875,-1.00830078125,0.51794921875,0.26950447829706664,1.25,0.096435546875,0.7682291666666666,80.74563081287874,198.328125,-256.0,-3.3156565656565657,40.038044893744996,97.3125,-93.796875,-6.184422348484849,84.87759407984068,253.9921875,-124.1875,0
-0.55537841796875,0.3900256006919642,0.486083984375,-1.3896484375,0.268193359375,0.2666874081075299,0.962646484375,-0.418212890625,0.6292236328125,0.3369069513869674,1.458740234375,-0.509033203125,-0.18631628787878787,79.12082917768362,253.9921875,-256.0,-6.533696338383838,48.51133141875252,162.5234375,-122.8671875,-6.376657196969697,37.915927965754584,74.9453125,-162.2890625,0
-0.42290771484375,0.4039969895443668,0.69384765625,-1.068359375,0.44215087890625,0.3318991066013385,1.699462890625,-0.318115234375,0.6382421875,0.32002966348429707,1.55126953125,0.012939453125,-2.653330176767677,80.65495020379848,229.046875,-256.0,-3.4679608585858586,44.824840680171185,116.9375,-101.65625,-13.467329545454545,55.08327768857919,60.578125,-241.1953125,0
-0.7143798828125,0.3262299272420487,0.19873046875,-1.237548828125,0.24088134765625,0.3519299504803738,1.075927734375,-1.169921875,0.462373046875,0.2847631975653944,1.50341796875,-0.097900390625,-2.7385574494949494,78.03755378522987,253.9921875,-142.828125,1.1717960858585859,26.12844392442044,55.375,-71.8671875,-9.922900883838384,77.09880858114184,220.3515625,-176.1953125,0
-0.7736962890625,0.3414609761666288,0.065185546875,-1.75,0.032265625,0.30083156753366996,0.572509765625,-0.843505859375,0.53445556640625,0.315674331615073,1.1494140625,-0.077392578125,-23.276751893939394,98.78945794730672,253.9921875,-255.578125,1.941998106060606,64.87320601928626,197.4453125,-203.0,-0.8395675505050505,85.60957578730672,253.9921875,-134.296875,0
-0.6403656005859375,0.2898025584801475,0.00439453125,-1.02392578125,0.319189453125,0.3104884172995872,1.130859375,-0.15234375,0.56788330078125,0.263194806597893,1.091064453125,0.218994140625,3.1715783227848102,70.77724620092351,200.2109375,-144.7578125,-9.997923259493671,35.29629014899212,67.890625,-120.296875,-10.203619462025317,41.911560804017974,84.6484375,-165.03125,0
-0.84685546875,0.28785452768841036,-0.1328125,-1.75830078125,0.073681640625,0.32195883464679576,0.89501953125,-0.87060546875,0.41613037109375,0.25861903053786023,1.052978515625,0.03271484375,-13.884864267676768,95.5131961588003,215.171875,-256.0,-4.715593434343434,53.3522879460929,170.1328125,-99.4296875,-10.836963383838384,83.27635094333979,253.9921875,-140.109375,0
-0.6406282123766447,0.27129583515720146,-0.08935546875,-0.968505859375,0.1043347810444079,0.43540503862846375,1.27294921875,-0.77294921875,0.5187120939555921,0.29710168638561485,1.25927734375,0.099365234375,8.084791666666666,98.57990885819713,253.9921875,-230.625,-5.019375,34.85328817413759,59.8359375,-92.578125,-31.679895833333333,74.3216162797942,167.21875,-197.4609375,0
-0.6387377930499999,0.26454816057133035,-0.228515625,-1.146972656,0.16201171876000003,0.27629919720859736,0.640136719,-0.379394531,0.6693310547899999,0.23976198270288113,1.075683594,0.239990234,-24.11339962121212,43.52044361553139,58.0,-158.265625,-10.008443813131313,33.72561758592134,47.234375,-126.359375,5.750157828282828,29.958510642261395,94.4765625,-61.5,0
-0.7513720703125,0.2920471359757097,-0.225341796875,-1.4306640625,0.39891357421875,0.3020896343966187,1.03271484375,-0.814208984375,0.26078857421875,0.2848708612573225,0.676025390625,-0.693115234375,8.901041666666666,48.332732187516854,148.125,-176.1796875,11.281486742424242,35.97111641147059,112.21875,-75.0859375,5.860558712121212,46.14932323311654,163.6796875,-87.921875,0
-0.6526342773799999,0.2610503922390172,-0.163818359,-1.265136719,0.23336914068999998,0.21213841328974714,0.651123047,-0.188964844,0.6623730469100001,0.19462669415142758,1.01953125,0.369384766,10.582544191919192,38.16816942748983,126.0234375,-96.3046875,7.39614898989899,31.795483429233077,91.6796875,-70.6484375,-6.455097853535354,18.140212525959885,42.59375,-48.671875,0
-0.80260986328125,0.2797305377581319,-0.3642578125,-1.689697265625,0.37172607421875,0.22953115603482044,0.68798828125,-0.600341796875,0.32713623046875,0.2561478210468794,0.90478515625,-0.6650390625,7.6171875,42.190323891880695,133.1796875,-129.0703125,10.386916035353535,48.922506477210646,114.421875,-150.203125,-1.4956597222222223,41.31612388081078,134.109375,-98.65625,0
-0.6681884766099999,0.25538067133096654,-0.157470703,-1.329345703,0.23288330084999997,0.21859383293999993,0.786621094,-0.209472656,0.6436401367799999,0.19844267045780378,0.965087891,0.178955078,15.289535984848484,61.818032118672136,253.9921875,-106.34375,6.580650252525253,25.630311521943664,115.84375,-37.5546875,-6.035669191919192,37.61424228373249,106.828125,-68.234375,0
-0.9584033203125,0.010834991743844218,-0.906494140625,-0.96826171875,0.1802490234375,0.008287738201693927,0.25244140625,0.1689453125,0.24613525390625,0.027268552759590756,0.28125,0.218994140625,-3.328677398989899,1.3604459294763065,-1.125,-4.9765625,-0.1291824494949495,0.8558729097893184,2.3828125,-0.953125,-1.3927556818181819,1.314150906284928,0.953125,-2.9921875,0
-0.73338134765625,0.25472180481849005,-0.39794921875,-1.38720703125,0.11402099609375,0.24571173540320382,0.691650390625,-0.37109375,0.5741796875,0.23552479735700702,0.90087890625,0.15771484375,-24.819996843434343,69.44138273639798,185.3984375,-179.4921875,3.9260574494949494,22.782439074993324,113.4140625,-46.2421875,13.570785984848484,33.079384132203856,97.609375,-46.796875,0
-0.79912841796875,0.26073364439266594,-0.345458984375,-1.59765625,0.3284375,0.20692546540120754,0.697509765625,-0.448486328125,0.35270263671875,0.26994814722526156,0.786865234375,-0.536376953125,10.730350378787879,56.57810276372574,194.59375,-185.859375,11.999921085858587,43.776436036010985,139.0078125,-109.609375,-4.129971590909091,31.287557892410174,96.9375,-75.4609375,0
-0.6884912109375,0.3088415089415634,-0.115478515625,-1.404296875,0.16337646484375,0.2561727865586229,0.8466796875,-0.40087890625,0.5830029296875,0.27165012921176296,1.086181640625,-0.004638671875,-20.73989898989899,49.10258328496095,57.65625,-236.96875,-10.050426136363637,36.29517873559101,72.140625,-94.8515625,-5.274068813131313,35.04222846229465,100.2578125,-117.0390625,0
-0.7850927734375,0.2469313246298304,-0.300048828125,-1.826904296875,0.38691162109375,0.2470754541035499,0.7529296875,-0.36572265625,0.311640625,0.27071700393305664,0.7392578125,-0.707763671875,17.60195707070707,59.103653378716466,193.484375,-192.2265625,13.08001893939394,42.64029328013652,130.53125,-92.9453125,-5.812736742424242,45.978725715087286,123.2890625,-101.7734375,0
-0.7336474609375,0.2938942007041691,-0.30224609375,-1.383544921875,0.0817529296875,0.26162532908623526,1.208984375,-0.782470703125,0.5051953125,0.3964496587277696,1.090087890625,-0.331787109375,-10.811316287878787,65.25941147065394,253.9921875,-133.5625,-2.5003945707070705,47.34669148368784,144.8984375,-107.15625,1.9199810606060606,32.1951741766923,70.7890625,-86.703125,0
-0.7979296875,0.28774723302868027,-0.310791015625,-1.65185546875,0.36760498046875,0.2603216139330207,0.814208984375,-0.675048828125,0.33576904296875,0.27189809699988476,1.0908203125,-0.586181640625,13.819602272727273,60.069315381844774,184.671875,-155.34375,14.371606691919192,59.95655092307598,125.3984375,-175.3984375,-4.2663352272727275,45.45602247393106,124.5234375,-178.3046875,0
-0.4980615234375,0.44941980234100604,0.376953125,-1.19921875,0.205009765625,0.1636073459342405,0.645263671875,-0.04345703125,0.7191552734375,0.28820135197206537,1.41796875,0.350341796875,-7.83499053030303,31.51880678262336,70.0390625,-193.6875,7.109296085858586,55.28676944852341,164.3671875,-133.8203125,1.2982165404040404,16.557832018910403,47.8203125,-48.71875,0
-0.5771240234375,0.4670075411248963,0.1328125,-1.506103515625,0.42629150390625,0.41532625072985296,1.10888671875,-0.22021484375,0.26820556640625,0.12771374016072184,0.547607421875,-0.205078125,5.971827651515151,31.552172547705805,152.3359375,-60.6875,-0.2919034090909091,29.99669365342604,95.4765625,-82.09375,14.942708333333334,53.00898859842679,233.8515625,-70.015625,0
-0.43425588896780304,0.3994442369866894,-0.0205078125,-1.363037109375,0.596923828125,0.38955334557404353,1.054443359375,-0.131591796875,0.29658647017045453,0.1355747592251624,0.57080078125,-0.245361328125,10.833052884615384,31.576143982164123,162.796875,-27.5546875,5.776201923076923,45.14655129889088,132.7265625,-100.96875,19.671634615384615,47.080656668785856,181.046875,-21.2265625,0
-0.92613281253,0.1962116671899327,-0.554199219,-1.640136719,0.07207274955000001,0.09546158080729739,0.583251953,-0.144287109,0.44072265624,0.10492001806083637,0.656005859,0.279052734,21.582859848484848,54.03404954034871,182.6015625,-227.6640625,0.7286931818181818,73.77162083380158,172.28125,-109.34375,-12.327967171717171,30.621616449391922,35.1875,-108.65625,0
-0.7808544921875,0.5724627135557373,1.01953125,-2.091552734375,0.54669677734375,0.3070825409792733,1.6328125,-0.120361328125,0.32845458984375,0.23569997079197227,1.197998046875,-0.0126953125,-21.940577651515152,98.84598163715081,210.1328125,-256.953125,-11.742266414141413,91.71196232938551,253.9921875,-213.140625,15.374210858585858,151.2933927888629,253.9921875,-256.0,0
-0.9264166417051283,0.18137349164367816,-0.674316406,-1.504150391,0.05401767826923077,0.0994180954596083,0.301269531,-0.250732422,0.4433531150641025,0.0890386306044474,0.645019531,0.290771484,41.046672077922075,66.6249883402366,244.34375,-77.890625,4.249695616883117,57.23329958655594,142.234375,-89.4140625,-21.337662337662337,34.488426046248485,26.3515625,-126.0234375,0
-0.9311496900475543,0.28008642198722766,-0.45947265625,-1.592041015625,0.5196957795516305,0.24475435583056063,1.3974609375,0.0830078125,0.2846228558084239,0.20877940285347624,0.767578125,-0.135498046875,26.827352335164836,114.61928210398888,253.9921875,-256.0,5.288375686813187,85.22552534965256,179.8515625,-164.828125,-9.298162774725276,113.22060142473232,253.9921875,-227.5390625,0
-0.9337471204230772,0.21168137339480825,-0.561279297,-1.500488281,0.06886330630769233,0.1027857036830624,0.306396484,-0.152832031,0.4533660106923079,0.1074518228277142,0.769042969,0.28515625,27.06168831168831,46.58271593825222,201.375,-35.671875,8.138595779220779,76.91587281263986,171.1796875,-112.6484375,-15.841720779220779,37.19798512563167,32.234375,-131.4375,0
-0.97829833984375,0.30968870748790683,-0.412353515625,-1.6474609375,0.48820556640625,0.18444694374581752,0.8583984375,0.114990234375,0.26682373046875,0.1959998011217033,0.939697265625,-0.15478515625,-28.607402146464647,94.02245132603754,134.5,-256.0,-7.076073232323233,83.93204530570281,177.609375,-190.6328125,11.829387626262626,138.88603572687092,253.9921875,-232.3046875,0
-0.96669921875,0.21452327894056797,-0.605224609375,-1.701904296875,0.0192578125,0.08909993158074524,0.28564453125,-0.24609375,0.396396484375,0.11620467235442343,0.655517578125,0.2197265625,19.746054292929294,49.03193512957119,187.359375,-89.3515625,2.507733585858586,82.97132804849875,217.3125,-149.78125,-10.029040404040405,27.97055515872885,38.2421875,-112.015625,0
-0.888669192135989,0.22544655825762525,-0.54833984375,-2.03564453125,0.5001126802884616,0.1994548576587078,1.712158203125,0.165283203125,0.17097892342032966,0.3532353622325887,0.52978515625,-2.71240234375,26.719010416666666,80.13180127237015,253.9921875,-168.1953125,12.861892361111112,62.25134928260691,221.5625,-199.7890625,-10.932638888888889,85.2577507949153,240.2265625,-176.140625,0
-0.96316650390625,0.2174997723649467,-0.596435546875,-1.767822265625,0.04825439453125,0.09728486127488932,0.321044921875,-0.148681640625,0.391513671875,0.11386740483938843,0.625732421875,0.220458984375,20.00228851010101,49.13433283480208,172.8828125,-106.203125,3.2470012626262625,86.73561550911407,238.6171875,-139.078125,-11.070549242424242,26.895378124195247,30.8515625,-125.953125,0
-0.9365576171875,0.178494104536455,-0.688720703125,-1.6787109375,0.39195556640625,0.19046777706195037,0.8974609375,-0.149658203125,0.21189697265625,0.14420986530466035,0.587646484375,-0.060302734375,-10.913983585858587,61.87656656033828,148.5390625,-177.1328125,-10.01428345959596,62.63274785415957,147.2109375,-180.421875,-4.395438762626263,86.94122103066549,244.9453125,-147.484375,0
-0.95921630859375,0.15667847202298432,-0.64794921875,-1.555908203125,-0.03484619140625,0.12992903429905894,0.25,-0.39013671875,0.37578125,0.09012591296195196,0.63671875,0.18017578125,10.138652146464647,87.81386526963183,253.9921875,-192.4375,-2.829229797979798,55.88935346858284,163.3125,-98.625,-8.867818813131313,42.03637854417877,69.7890625,-144.0546875,0
-0.95613525390625,0.23226428176845612,-0.5390625,-1.79541015625,0.4509814453125,0.16650054330422134,1.27880859375,0.16845703125,0.1671533203125,0.23563674862052647,0.7177734375,-0.419921875,-13.014599116161616,76.73049053461838,190.3046875,-256.0,-14.610795454545455,64.97638129101415,111.375,-230.0625,5.162247474747475,99.57817413297668,253.9921875,-173.421875,0
-0.97591552734375,0.2563735719205791,-0.5185546875,-1.692626953125,0.0104345703125,0.10523091730385911,0.224853515625,-0.209228515625,0.32219970703125,0.10697914500856906,0.526123046875,0.10888671875,10.48855744949495,57.03969686643916,193.4453125,-127.921875,6.995265151515151,87.02084425665603,240.453125,-170.03125,-4.262468434343434,24.172002168227927,40.859375,-96.6640625,0
-1.0000927734375,0.2324904621895641,-0.4892578125,-1.63623046875,-0.0157177734375,0.12669122898013072,0.27880859375,-0.46484375,0.35357666015625,0.11480110765127982,0.57275390625,0.15869140625,-7.43844696969697,76.8110100097695,214.8671875,-192.8203125,0.9064078282828283,84.96779187983714,193.2421875,-160.9921875,-5.421243686868687,28.86729544188755,102.875,-111.1484375,0
0.12896162210051546,0.7858458698890665,1.432373046875,-1.378173828125,0.6149499637564433,0.6476930979419799,3.56103515625,-0.66650390625,-0.2348657981636598,1.3934044404212462,4.896728515625,-5.57080078125,-1.1024576822916667,103.67036673761385,253.9921875,-256.0,-0.9195149739583334,94.95705076142798,253.9921875,-256.0,-2.3487955729166665,114.63504208404336,253.9921875,-256.0,0
0.2843153211805556,0.7883803935424928,1.3828125,-1.582275390625,0.5395606455176768,0.4980305587011234,2.219970703125,-1.2607421875,-0.03678138809974747,0.9880116785547104,2.2412109375,-5.2060546875,-4.3354591836734695,89.50864409672914,253.9921875,-256.0,5.239875637755102,91.14994770907084,253.9921875,-256.0,-8.847576530612244,109.74197158291541,253.9921875,-256.0,0
0.013245401503164557,0.7564543643256987,1.593505859375,-1.287353515625,0.6653419204905063,0.5656212647045997,3.23876953125,-0.419921875,-0.13466982298259494,1.1184590884064374,1.68505859375,-6.28125,8.729667467948717,109.71355469729232,253.9921875,-256.0,10.251903044871796,123.8024772498013,253.9921875,-256.0,17.866185897435898,116.61347254247195,253.9921875,-181.2109375,0
-0.8851708984375,0.0962766331819677,-0.547607421875,-1.026123046875,-0.35398193359375,0.12480624486581358,-0.06787109375,-1.002197265625,0.0125732421875,0.18981204140927735,0.455078125,-0.32666015625,0.41966540404040403,41.82464744558392,115.1953125,-133.421875,1.7931660353535352,27.668673987400467,107.265625,-70.21875,-2.9427872474747474,21.997484715354044,90.5625,-85.3984375,0
-0.9125483086768617,0.156555949958714,-0.476318359375,-1.34912109375,-0.38556557513297873,0.19837206266053842,0.006591796875,-1.2607421875,-0.004155585106382979,0.19981491770927906,0.663330078125,-0.455810546875,-8.044942876344086,44.42326643959628,120.484375,-128.4296875,-1.5255376344086022,39.66784258894161,94.7421875,-171.09375,3.0825772849462365,32.63224022264181,88.0234375,-74.90625,0
-0.9039396587171052,0.1323290967809829,-0.488037109375,-1.337890625,-0.36971371299342104,0.123443686559222,-0.061279296875,-0.719482421875,0.14964792351973685,0.2531533261135357,1.253173828125,-0.35791015625,5.204621010638298,83.95783322615775,253.9921875,-256.0,-1.9105718085106382,57.07485070336801,253.9921875,-213.15625,-0.2012965425531915,55.16637055143947,155.8984375,-256.0,0
0.3084145075158228,0.6588626951270787,1.62548828125,-1.25634765625,-0.2629518146756329,0.5406542300271223,1.04541015625,-1.096435546875,0.4701159513449367,0.2782414165132321,1.4111328125,-0.090087890625,-14.025641025641026,95.14723102877537,195.875,-256.0,22.403745993589745,68.18859673329084,216.5078125,-132.6953125,-4.912660256410256,72.76639123960193,156.0390625,-256.0,0
0.31424153645833336,0.6168285363625884,1.393798828125,-0.68994140625,0.03624674479166667,0.3052163822818286,0.789794921875,-0.545166015625,0.6904351128472223,0.38952310232155596,1.576904296875,0.052978515625,-7.530811095505618,83.35734040281996,209.859375,-207.0546875,-6.715238764044944,68.35120717667878,146.6953125,-172.9921875,-6.431267556179775,62.56370326175946,163.5625,-127.078125,0
0.3155534300085616,0.7157416911543908,1.449951171875,-0.896728515625,0.0869107181078767,0.45741843965441215,1.67578125,-0.942138671875,0.490431694135274,0.2741516035167404,1.091064453125,0.059814453125,-3.1073133680555554,113.07471682297735,253.9921875,-225.375,-6.084526909722222,98.43543582600704,238.0859375,-178.046875,-23.95659722222222,71.71384791764979,138.09375,-146.3828125,0
-0.1416796875,0.5116009396120141,0.360107421875,-2.728271484375,-0.93990966796875,1.1965731096407546,0.77978515625,-3.798828125,-0.3325390625,0.5163167644306615,1.19287109375,-1.615234375,-22.25552398989899,122.38325003444348,253.9921875,-256.0,-0.7811710858585859,73.3705137677985,188.4921875,-195.7265625,2.893308080808081,75.03229084073872,230.25,-200.171875,0
-0.17343994140625,0.43871375667144114,0.54541015625,-1.85009765625,-0.85861328125,1.616596762815611,0.79345703125,-4.73193359375,-0.2109619140625,0.45782764982603286,0.62255859375,-1.8916015625,2.714725378787879,128.23677139904126,253.9921875,-256.0,-20.87152777777778,102.03285349871798,174.8828125,-256.0,-10.724037247474747,126.80490640051312,233.6171875,-256.0,0
0.0098193359375,0.23972610565584587,0.44287109375,-1.1953125,-1.194765625,1.709356796097979,0.87841796875,-4.438720703125,-0.26548828125,0.5088832943042882,0.30859375,-2.33740234375,-26.093039772727273,112.9545432301233,241.4609375,-256.0,0.4897411616161616,52.89514753865545,160.3515625,-101.3046875,-4.73800505050505,71.54804588319854,142.2734375,-215.890625,0
-0.40393310546875,0.9175027714818679,1.257080078125,-2.895263671875,-1.193212890625,1.6473889430245003,1.68310546875,-5.01806640625,-0.29908203125,0.6682797899424257,0.738525390625,-2.526123046875,11.01317866161616,135.25856163824517,253.9921875,-256.0,10.600694444444445,183.52451039590375,253.9921875,-256.5703125,43.44570707070707,165.79298758467257,253.9921875,-256.0,0
-0.38075826625631315,0.8977384673325944,1.385009765625,-2.8369140625,-0.9276554608585859,1.485358849551094,1.101806640625,-5.693359375,-0.4311153527462121,0.8582991728220976,0.684814453125,-5.277587890625,5.701769770408164,122.97824156402747,253.9921875,-256.0,24.078603316326532,148.92405438136612,253.9921875,-256.0,45.36910076530612,134.4721412597368,253.9921875,-256.0,0
-0.16420654296875,1.2638040403773698,1.88037109375,-3.3076171875,-1.37310791015625,2.2933506502035232,1.37548828125,-7.8251953125,-0.57175048828125,1.1167677467686514,0.740478515625,-5.19189453125,41.23303345959596,132.9998436366192,253.9921875,-256.0,-14.942313762626263,161.45171783439275,253.9921875,-256.0,1.777935606060606,152.61622698075374,254.2734375,-256.0,0
-0.57817626953125,0.6561157636908058,0.622314453125,-1.52197265625,-0.32626220703125,0.41292629850052576,1.532470703125,-1.33203125,0.338662109375,0.4448573061046919,1.6259765625,-1.22021484375,2.0478219696969697,96.44296727854775,253.9921875,-256.0,0.6041666666666666,79.70643631617531,253.9921875,-241.1484375,-17.598484848484848,90.19781117158188,253.9921875,-256.0,0
-0.2763818359375,0.5744205383122526,0.843505859375,-2.5341796875,-0.30930908203125,0.5540154367017255,0.758056640625,-4.13330078125,0.64854736328125,0.5335456663112381,3.492431640625,-0.445556640625,-3.8416193181818183,99.83941126933023,253.9921875,-256.0,2.7724116161616164,52.115839993704114,175.21875,-179.21875,12.33057133838384,106.97579322783612,253.9921875,-256.0,0
-0.78961181640625,0.4490734540403684,0.7685546875,-1.8701171875,-0.25004150390625,0.34655165689737155,1.232177734375,-1.179931640625,0.1304443359375,0.3811830672935022,1.22998046875,-0.31005859375,-9.741556186868687,84.5888230405447,253.9921875,-256.0,0.9041193181818182,81.30503258707112,253.9921875,-256.0,19.865056818181817,85.34097129290936,253.9921875,-193.1328125,0
0.46064697265625,0.5826866992810731,1.6328125,-0.954833984375,-0.523701171875,0.41942593505404074,0.387451171875,-1.36279296875,0.287724609375,0.4162865206875393,1.613525390625,-1.127197265625,15.593434343434344,113.65353278308297,253.9921875,-256.0,-5.476089015151516,88.2965074348587,253.9921875,-240.71875,19.7589172979798,91.89107231777142,253.9921875,-253.9296875,0
-0.207490234375,0.6221732821485391,1.11376953125,-0.884033203125,-0.26267822265625,0.6268967098677546,0.619384765625,-1.842041015625,0.36076904296875,0.31598029825919216,0.94677734375,-0.3056640625,2.662326388888889,78.20228311761424,253.9921875,-256.0,10.374289772727273,41.55060676927121,160.046875,-55.65625,-21.460227272727273,54.738769788086685,29.1796875,-252.171875,0
0.35011474609375,0.7199451653929921,1.2724609375,-0.779296875,-0.30286865234375,0.3417492091048353,0.138916015625,-1.285400390625,0.52123046875,0.18832564062538504,0.88037109375,0.12255859375,-9.345722853535353,66.21924684573615,155.1640625,-197.703125,-6.9345801767676765,34.26100136626429,42.921875,-128.3125,30.87957702020202,64.85924937611348,249.5625,-36.453125,0
0.66064697265625,0.27478235582658234,1.35693359375,-0.003173828125,0.02942626953125,0.6584523697058022,1.403076171875,-0.86572265625,0.28660400390625,0.4347035068098802,1.36279296875,-0.523193359375,12.477351641414142,124.08352361200407,253.9921875,-256.0,-0.5665246212121212,53.306905988658116,145.2890625,-94.90625,-13.90948547979798,64.299509930519,101.125,-174.3203125,0
0.6180354292674731,0.2995659834938408,1.07373046875,-0.179931640625,0.38283087617607525,0.4270174437916798,1.197509765625,-0.753662109375,-0.43999390961021506,0.32884881220411283,0.217041015625,-1.319091796875,-3.5257302989130435,90.18579070178606,250.75,-171.9296875,-3.6875849184782608,48.29255643024776,192.8359375,-158.15625,17.21475883152174,69.7705995952436,184.6171875,-158.390625,0
0.6496829710144928,0.2883938157989409,1.239501953125,0.2197265625,0.550583106884058,0.31969068540026835,1.546875,-0.08935546875,-0.33860181725543476,0.28488483046118085,0.2119140625,-0.83056640625,-11.008846507352942,56.12270182146004,92.515625,-175.125,-19.128331801470587,24.033426244018642,40.96875,-60.9296875,-3.266888786764706,69.72496241380475,248.578125,-107.5234375,0
-0.353486328125,0.6946839414943858,0.95751953125,-1.703369140625,-0.21912841796875,0.2012600466637262,0.201904296875,-1.324951171875,-0.32815673828125,0.5180408717040461,0.648193359375,-1.28076171875,2.366635101010101,109.57184776036299,253.9921875,-256.0,-35.73571654040404,79.91133200045527,151.0859375,-256.0,-12.04269255050505,44.468274298701274,111.53125,-138.421875,0
-0.71755126953125,0.36954288278056946,0.145263671875,-2.15087890625,-0.6048974609375,0.25672602103971337,-0.204345703125,-1.6630859375,0.18507080078125,0.3162517337506533,0.9140625,-0.90087890625,-12.390151515151516,59.37292175782667,225.0625,-173.15625,21.81289457070707,56.62529730317077,253.9921875,-102.359375,-7.51010101010101,39.43800582971994,91.859375,-151.546875,0
-0.6305810546875,0.2516336376471917,-0.07666015625,-1.19384765625,-0.6582275390625,0.22458451506658236,-0.184326171875,-1.240966796875,0.3316015625,0.27525846975185975,0.90087890625,-0.378173828125,-1.1024305555555556,80.9734370619688,253.9921875,-251.5234375,-0.029277146464646464,36.96831705939995,92.53125,-84.0078125,7.185842803030303,42.845857178408025,103.0234375,-146.9765625,0
-0.4858349609375,0.7200738258891544,0.990234375,-2.125732421875,-0.4349267578125,0.3385926545270196,0.37548828125,-1.201904296875,0.12602294921875,0.22701962019189054,0.565673828125,-0.395751953125,0.6670612373737373,146.80561839165682,253.9921875,-256.0,-8.001104797979798,63.72762640031373,108.234375,-221.7109375,2.0666035353535355,139.10068367088934,254.0390625,-256.0,0
-0.765498046875,0.26568984750281777,-0.11376953125,-1.56591796875,-0.59167724609375,0.27691462131034356,-0.1142578125,-1.713134765625,0.0764990234375,0.1572042706531895,0.59765625,-0.37939453125,25.075994318181817,78.52056421673939,225.21875,-185.59375,-13.669349747474747,55.75605195076528,149.9375,-109.3515625,4.577651515151516,81.85272082303874,185.71875,-152.7578125,0
-0.902392578125,0.26121870866490643,-0.350341796875,-1.732177734375,-0.4365576171875,0.1889624307798741,-0.055908203125,-1.1884765625,-0.09230712890625,0.23271552785243796,0.333984375,-0.792236328125,20.23666351010101,99.63098529107245,253.9921875,-223.4921875,-16.83159722222222,79.15789563888232,210.078125,-168.078125,-9.89251893939394,79.44818787930356,201.8046875,-209.828125,0
